ID,Group,Sex,Session,Trial,Change,FoodSide,CorrectIncorrect,Delay,VisualBlock,RepeatTot,ITI,ReacTime,Side,Front,Locomotion,Pace,Anxiety,Vocalization,Threat,Fear,Affiliative,Locomotion_ITI,Pace_ITI,Anxiety_ITI,Vocalization_ITI,Threat_ITI,Fear_ITI,Affiliative_ITI,RespProb
zp01,mother,female,1,1,0,L,1,3,1,0,NaN,0,1,1,0,0,0,0,0,1,0,0,0,0,0,0,0,0,0.899550661441035
zp01,mother,female,1,2,0,L,1,3,1,0,6,0,2,1,0,0,0,0,0,0,0,0,0,0,0,0,0,0,0.907148543944305
zp01,mother,female,1,3,1,R,1,3,1,0,7,0,3,1,0,0,0,0,0,0,0,0,0,0,0,0,0,0,0.941052584340913
zp01,mother,female,1,4,0,R,1,3,1,0,9,0,3,1,0,0,0,0,0,0,0,0,0,0,0,0,0,0,0.869565220579166
zp01,mother,female,1,5,0,R,1,3,1,0,9,0,3,1,0,0,0,0,0,0,0,0,0,0,0,0,0,0,0.869565220579166
zp01,mother,female,1,6,1,L,1,3,1,0,11,0,1,1,0,0,0,0,0,1,0,0,0,0,0,1,0,0,0.941052584340913
zp01,mother,female,1,7,0,L,0,4,1,0,10,0,2,1,0,0,0,0,0,1,0,0,0,0,0,0,0,0,0.500000000000359
zp01,mother,female,1,8,0,L,1,4,1,0,11,0,2,1,0,0,0,0,0,0,0,0,0,0,1,0,0,0,0.918659646697595
zp01,mother,female,1,9,0,L,0,4,1,0,8,0,2,1,0,0,0,0,0,0,0,0,0,0,0,0,0,0,0.500000000000389
zp01,mother,female,1,10,0,L,0,3,1,1,52,0,2,1,0,0,0,0,0,0,0,0,0,0,1,0,0,0,0.500000002699888
zp01,mother,female,1,11,0,L,0,2,1,0,16,1,2,1,0,0,0,0,0,0,0,0,0,0,1,0,0,0,0.50490940898486
zp01,mother,female,1,12,0,L,1,2,1,0,24,0,2,1,0,0,0,0,0,0,0,0,0,0,1,0,0,0,0.902750801097621
zp01,mother,female,1,13,0,L,1,3,1,0,15,0,2,1,0,0,0,0,0,0,0,0,0,0,0,0,0,0,0.869565220579166
zp01,mother,female,1,14,1,R,1,2,1,0,10,0,3,1,1,0,0,0,0,0,0,0,0,0,0,1,0,0,0.941052584346888
zp01,mother,female,1,15,0,R,1,2,1,0,8,0,3,1,0,0,0,0,0,0,0,0,0,0,0,0,0,0,0.869565220579241
zp01,mother,female,1,16,0,R,1,2,1,0,8,0,3,1,0,0,0,0,0,0,0,0,0,0,0,0,0,0,0.869565220579241
zp01,mother,female,1,17,1,L,1,2,1,0,11,0,2,1,0,0,0,0,0,0,0,0,0,0,0,0,0,0,0.941052584346888
zp01,mother,female,1,18,0,L,0,3,1,0,13,0,2,1,0,0,0,0,0,0,0,0,0,0,0,0,0,0,0.500000000000329
zp01,mother,female,1,19,0,L,1,3,1,1,28,0,2,1,0,0,0,0,0,0,0,0,0,1,0,0,0,0,0.899550661441035
zp01,mother,female,1,20,0,L,1,3,1,0,10,0,2,1,0,0,0,0,0,0,0,0,0,0,1,0,0,0,0.869565220579166
zp01,mother,female,1,21,1,R,1,3,1,0,13,0,3,1,0,0,0,0,0,0,0,0,0,0,0,0,0,0,0.941052584340913
zp01,mother,female,1,22,0,R,1,3,1,0,10,0,3,1,0,0,0,0,0,0,0,0,0,0,0,0,0,0,0.869565220579166
zp01,mother,female,1,23,0,R,1,3,1,0,10,0,3,1,0,0,0,0,0,0,0,0,0,0,0,0,0,0,0.869565220579166
zp01,mother,female,1,24,1,L,1,3,1,0,9,0,2,1,0,0,0,0,0,0,0,0,0,0,0,0,0,0,0.941052584340913
zp01,mother,female,1,25,0,L,1,4,1,0,16,0,2,1,0,0,0,0,0,0,0,0,0,1,0,0,0,0,0.869565220579091
zp01,mother,female,2,1,0,R,1,3,1,0,NaN,0,3,1,0,0,0,0,0,0,0,0,0,0,0,0,0,0,0.899550661441035
zp01,mother,female,2,2,0,R,1,3,1,0,6,0,3,1,0,0,0,0,0,0,0,0,0,0,1,0,0,0,0.907148543944305
zp01,mother,female,2,3,1,L,1,3,1,0,9,0,2,1,0,0,0,0,0,0,0,0,0,0,0,0,0,0,0.941052584340913
zp01,mother,female,2,4,0,L,1,3,1,0,28,0,2,1,0,0,0,0,0,0,0,0,0,0,0,0,0,0,0.871542410511278
zp01,mother,female,2,5,0,L,1,3,1,0,5,0,2,1,0,0,0,0,0,0,0,0,0,0,0,0,0,0,0.869565220579166
zp01,mother,female,2,6,1,R,1,3,1,0,9,0,3,1,0,0,0,0,0,0,0,0,0,0,0,0,0,0,0.941052584340913
zp01,mother,female,2,7,0,R,1,4,1,0,8,0,3,1,0,0,0,0,0,0,0,0,0,0,0,0,0,0,0.869565220579091
zp01,mother,female,2,8,0,R,1,4,1,0,8,0,3,1,0,0,0,0,0,0,0,0,0,0,1,0,0,0,0.869565220579091
zp01,mother,female,2,9,1,L,1,4,1,0,6,0,2,1,0,0,0,0,0,0,0,0,0,0,0,0,0,0,0.941052584334937
zp01,mother,female,2,10,0,L,1,4,1,0,6,0,2,1,0,0,0,0,0,0,0,0,0,0,0,0,0,0,0.869565220579091
zp01,mother,female,2,11,0,L,1,4,1,0,7,0,2,1,0,0,0,0,0,0,0,0,0,0,0,0,0,0,0.869565220579091
zp01,mother,female,2,12,1,R,1,4,1,0,8,0,3,1,0,0,0,0,0,0,0,0,0,0,0,0,0,0,0.941052584334937
zp01,mother,female,2,13,0,R,1,5,1,0,10,0,3,1,0,0,0,0,0,0,0,0,0,0,0,0,0,0,0.869565220579016
zp01,mother,female,2,14,0,R,1,6,1,0,7,0,3,1,0,0,0,0,0,0,0,0,0,0,0,0,0,0,0.869565220578942
zp01,mother,female,2,15,1,L,1,6,1,0,14,0,3,1,0,0,0,0,0,0,0,0,0,0,0,0,0,0,0.941052584322987
zp01,mother,female,2,16,0,L,1,5,1,0,7,0,3,1,0,0,0,0,0,0,0,0,0,0,0,0,0,0,0.869565220579017
zp01,mother,female,2,17,0,L,1,6,1,0,10,0,2,1,0,0,0,0,0,0,0,0,0,0,0,0,0,0,0.869565220578942
zp01,mother,female,2,18,1,R,1,5,1,0,10,0,3,1,0,0,0,0,0,0,0,0,0,0,1,0,0,0,0.941052584328962
zp01,mother,female,2,19,0,R,1,7,1,0,9,0,3,1,0,0,0,0,0,0,0,0,0,0,0,0,0,0,0.869565220578867
zp01,mother,female,2,20,0,R,1,8,1,0,15,0,3,1,0,0,0,0,0,0,0,0,0,0,1,0,0,0,0.869565220578792
zp01,mother,female,2,21,1,L,1,8,1,0,6,0,1,1,0,0,0,0,0,0,0,0,0,0,0,0,0,0,0.941052584311036
zp01,mother,female,2,22,0,L,1,8,1,0,14,1,3,1,0,0,0,0,0,0,0,0,0,0,0,0,0,0,0.869565220578792
zp01,mother,female,2,23,0,L,0,9,1,0,10,0,3,1,0,0,0,0,0,0,0,0,0,0,0,0,0,0,0.600000310931399
zp01,mother,female,2,24,0,L,1,9,1,0,5,0,1,1,0,0,0,0,0,0,0,0,0,0,1,0,0,0,0.920516081510731
zp01,mother,female,2,25,0,L,1,9,1,0,10,0,1,1,0,0,0,0,1,0,0,0,0,0,0,0,0,0,0.869565220578718
zp02,nursery,female,1,1,0,L,1,3,1,0,NaN,1,2,1,0,0,0,1,0,0,0,0,0,0,0,0,0,0,0.813053114466134
zp02,nursery,female,1,2,0,L,1,3,1,0,6,1,1,1,0,0,0,1,0,0,1,0,0,0,0,0,0,0,0.86500936046881
zp02,nursery,female,1,3,1,R,1,3,1,0,7,0,2,1,0,0,0,1,0,0,0,0,0,0,1,0,0,0,0.827806311117998
zp02,nursery,female,1,4,0,R,1,3,1,0,7,0,2,1,0,0,0,1,0,0,0,0,0,0,0,0,0,0,0.869595026231733
zp02,nursery,female,1,5,0,R,1,3,1,0,6,0,2,1,0,0,0,1,0,0,0,0,0,0,1,0,0,0,0.837916642340991
zp02,nursery,female,1,6,1,L,1,3,1,0,7,0,2,1,0,0,0,0,0,0,1,1,0,0,1,0,0,0,0.827806311117998
zp02,nursery,female,1,7,0,L,1,4,1,0,10,0,2,1,0,0,0,0,0,0,0,0,0,0,0,0,0,0,0.835630205961424
zp02,nursery,female,1,8,0,L,0,4,1,0,6,0,2,1,0,0,0,1,0,0,0,0,0,0,1,0,0,0,0.653846138618641
zp02,nursery,female,1,9,0,L,0,4,1,0,6,1,2,1,0,0,0,1,0,0,1,0,0,0,1,0,0,0,0.556738956761443
zp02,nursery,female,1,10,0,L,1,2,1,0,9,0,2,1,0,0,0,1,0,0,0,0,0,0,1,0,0,0,0.95661795810307
zp02,nursery,female,1,11,0,L,1,2,1,0,6,0,1,1,0,0,0,1,0,0,0,0,0,0,1,0,0,0,0.904793258116023
zp02,nursery,female,1,12,1,R,1,3,1,0,7,0,3,1,0,0,0,0,0,0,0,1,0,0,1,0,0,0,0.827806311117998
zp02,nursery,female,1,13,0,R,1,2,1,0,6,0,3,1,0,0,0,1,0,0,0,0,0,0,0,0,0,0,0.904793258116777
zp02,nursery,female,1,14,0,R,1,2,1,0,6,0,3,1,0,0,0,0,0,0,0,0,0,0,1,0,0,0,0.875069268801795
zp02,nursery,female,1,15,1,L,1,2,1,0,8,0,1,1,0,0,0,1,0,0,1,0,0,0,0,0,0,0,0.876042103366259
zp02,nursery,female,1,16,0,L,0,3,1,0,76,0,1,1,0,0,0,1,0,0,0,1,0,0,1,0,0,0,NaN
zp02,nursery,female,1,17,0,L,1,3,1,0,7,1,2,1,0,0,0,0,0,0,0,0,0,0,1,0,0,0,0.827806311117998
zp02,nursery,female,1,18,0,L,1,2,1,0,6,1,2,1,0,0,0,1,0,0,0,0,0,0,0,0,0,0,0.904793258116777
zp02,nursery,female,1,19,1,R,1,3,1,0,7,0,2,1,0,0,0,0,0,0,0,0,0,0,0,0,0,0,0.827806311117998
zp02,nursery,female,1,20,0,R,1,3,1,0,11,0,3,1,0,0,0,0,0,0,0,0,0,0,0,0,0,0,0.869595026231733
zp02,nursery,female,1,21,0,R,1,3,1,0,6,0,3,1,0,0,0,0,0,0,0,1,0,0,0,0,0,0,0.837916642340991
zp02,nursery,female,1,22,1,L,1,3,1,0,8,0,3,1,0,0,0,0,0,0,0,1,0,0,0,0,0,0,0.825566755476119
zp02,nursery,female,1,23,0,L,0,4,1,0,1,0,3,1,0,0,0,1,0,0,0,0,0,0,1,0,0,0,0.599123300908947
zp02,nursery,female,1,24,0,L,1,4,1,0,17,1,2,1,0,0,0,1,0,0,0,0,0,0,0,1,0,0,0.774108757685603
zp02,nursery,female,1,25,0,L,1,4,1,0,6,0,2,1,0,0,0,0,0,0,0,0,0,0,0,0,0,0,0.835630205948199
zp02,nursery,female,2,1,0,R,1,3,1,0,NaN,0,3,1,0,0,0,1,0,0,1,0,0,0,0,0,0,0,0.813053114466134
zp02,nursery,female,2,2,0,R,1,3,1,0,8,0,3,1,0,0,0,0,0,0,0,1,0,0,1,0,0,0,0.86500936046881
zp02,nursery,female,2,3,1,L,1,3,1,0,7,0,3,1,0,0,0,0,0,0,0,0,0,0,1,0,0,0,0.827806311117998
zp02,nursery,female,2,4,0,L,1,3,1,0,7,0,3,1,0,0,0,1,0,0,0,0,0,0,1,0,0,0,0.869595026231733
zp02,nursery,female,2,5,0,L,0,3,1,0,7,0,3,1,0,0,0,1,0,0,0,0,0,0,0,0,0,0,0.653846138618642
zp02,nursery,female,2,6,0,L,0,3,1,0,6,0,3,1,0,0,0,0,0,0,0,1,0,0,1,0,0,0,0.570713961524904
zp02,nursery,female,2,7,0,L,1,1,1,0,8,0,1,1,1,0,0,0,0,0,0,1,0,0,1,0,0,0,0.972238583244453
zp02,nursery,female,2,8,0,L,1,1,1,0,7,0,2,1,0,0,0,0,0,0,0,1,0,0,1,0,0,0,0.937862358288562
zp02,nursery,female,2,9,1,R,1,1,1,0,7,0,3,1,0,0,0,0,0,0,0,0,0,0,0,0,0,0,0.926633133181323
zp02,nursery,female,2,10,0,R,1,1,1,0,8,0,3,1,0,0,0,0,0,0,0,0,0,0,1,0,0,0,0.937862358289072
zp02,nursery,female,2,11,0,R,1,1,1,0,6,0,3,1,0,0,0,0,0,0,0,1,0,0,0,0,0,0,0.921282254776462
zp02,nursery,female,2,12,1,L,0,1,1,0,7,0,3,1,0,0,0,0,0,0,0,0,0,0,1,0,0,0,0.648648652110184
zp02,nursery,female,2,13,0,L,0,1,1,0,13,0,3,1,0,0,0,0,0,0,0,0,0,0,1,0,0,0,0.523375383175572
zp02,nursery,female,2,14,0,L,1,1,1,0,7,0,3,1,0,0,0,0,0,0,0,1,0,0,1,0,0,0,0.946780960955435
zp02,nursery,female,2,15,0,L,1,1,1,0,6,0,3,1,0,0,0,0,0,0,0,1,0,0,0,0,0,0,0.937862358289072
zp02,nursery,female,2,16,1,R,1,1,1,0,7,0,3,1,0,0,0,1,0,1,0,1,0,0,1,0,0,0,0.926633133181323
zp02,nursery,female,2,17,0,R,1,1,1,0,7,0,3,1,0,0,0,0,0,0,0,1,0,0,0,0,0,0,0.937862358289072
zp02,nursery,female,2,18,0,R,1,1,1,0,11,0,3,1,0,0,0,0,0,0,0,1,0,0,1,0,0,0,0.931795324024456
zp02,nursery,female,2,19,1,L,1,1,1,0,9,0,2,1,0,0,0,0,0,0,0,0,0,0,0,0,0,0,0.91962047080691
zp02,nursery,female,2,20,0,L,1,2,1,0,10,0,2,1,0,0,0,0,0,0,0,0,0,0,0,0,0,0,0.904793258116777
zp02,nursery,female,2,21,0,L,1,3,1,0,9,0,1,1,0,0,0,0,0,0,0,1,0,0,0,0,0,0,0.848669358045404
zp02,nursery,female,2,22,1,R,1,3,1,0,7,0,3,1,0,0,0,0,0,0,0,1,0,0,0,0,0,0,0.827806311117998
zp02,nursery,female,2,23,0,R,1,2,1,0,6,0,3,1,0,0,0,0,0,0,0,1,0,0,1,0,0,0,0.904793258116777
zp02,nursery,female,2,24,0,R,1,2,1,0,6,0,3,1,0,0,0,0,0,0,0,1,0,0,0,0,0,0,0.875069268801795
zp02,nursery,female,2,25,1,L,1,2,1,0,13,0,1,1,0,0,0,0,0,0,0,0,0,0,0,0,0,0,0.87280199308513
zp03,nursery,female,1,1,0,R,1,3,1,0,NaN,3,3,0,0,0,0,0,0,1,0,0,0,0,0,0,0,0,0.5
zp03,nursery,female,1,2,0,R,1,3,1,0,9,5,1,0,0,0,0,0,0,1,0,0,0,0,0,0,0,0,0.831049922220128
zp03,nursery,female,1,3,1,L,0,3,1,0,9,2,3,0,0,0,0,0,0,1,0,0,0,0,0,0,0,0,0.847975282151488
zp03,nursery,female,1,4,0,L,0,3,1,0,3,3,3,0,0,0,0,0,0,1,0,0,0,0,0,0,0,0,0.825561006760621
zp03,nursery,female,1,5,0,L,0,3,1,0,28,3,3,0,0,0,0,0,0,1,0,1,0,0,0,0,0,0,0.803114831497367
zp03,nursery,female,1,6,0,L,1,1,1,0,28,4,2,1,0,0,0,0,0,1,0,0,0,0,0,0,0,0,0.5
zp03,nursery,female,1,7,0,L,0,1,1,1,37,1,2,1,0,0,0,0,0,0,0,1,0,0,0,0,0,0,0.5
zp03,nursery,female,1,8,0,L,0,1,1,0,10,3,2,1,0,0,0,0,0,0,0,0,0,0,0,0,0,0,0.610934880365944
zp03,nursery,female,1,9,0,L,0,1,1,0,17,3,3,1,0,0,0,0,0,0,0,0,0,0,0,0,0,0,0.64110183333978
zp03,nursery,female,1,10,0,L,1,1,1,0,9,1,1,1,0,0,0,0,0,0,0,0,0,0,0,0,0,0,0.5
zp03,nursery,female,1,11,0,L,1,1,1,0,11,1,1,1,0,0,0,0,0,0,0,0,0,0,0,0,0,0,0.603914810839298
zp03,nursery,female,1,12,1,R,1,1,1,0,8,0,3,1,0,0,0,0,0,0,0,0,0,0,0,0,0,0,0.5
zp03,nursery,female,1,13,0,R,1,1,1,0,10,0,3,1,0,0,0,0,0,0,0,0,0,0,0,0,0,0,0.61093488036595
zp03,nursery,female,1,14,0,R,1,1,1,0,7,0,3,1,0,0,0,0,0,0,0,0,0,0,0,0,0,0,0.791766899854046
zp03,nursery,female,1,15,1,L,0,1,1,0,8,0,3,1,0,0,0,0,0,0,0,0,0,0,0,0,0,0,0.735520230674116
zp03,nursery,female,1,16,0,L,0,1,1,0,6,0,2,1,0,0,0,0,0,0,0,0,0,0,0,0,0,0,0.7504984599283
zp03,nursery,female,1,17,0,L,0,1,1,0,6,0,3,1,0,0,0,0,0,0,0,0,0,0,0,0,0,1,0.763625901516483
zp03,nursery,female,1,18,0,L,1,1,1,0,20,1,3,1,0,0,0,0,0,0,0,0,0,0,1,0,0,0,0.5
zp03,nursery,female,1,19,0,L,0,1,1,0,8,0,2,1,0,0,0,0,0,0,0,1,0,0,0,0,0,0,0.5
zp03,nursery,female,1,20,0,L,1,1,1,0,8,1,1,1,0,0,0,0,0,0,0,0,0,0,0,0,0,0,0.531454379915483
zp03,nursery,female,1,21,0,L,0,1,1,0,9,1,3,1,0,0,0,0,0,0,0,0,0,0,0,0,0,0,0.515195107903449
zp03,nursery,female,1,22,0,L,0,1,1,0,6,0,3,1,0,0,0,0,0,0,0,0,0,0,0,0,0,0,0.643602668316862
zp03,nursery,female,1,23,0,L,1,1,1,0,6,1,2,1,0,0,0,0,0,0,0,0,0,0,0,0,0,0,0.5
zp03,nursery,female,1,24,0,L,1,1,1,0,10,1,2,1,0,0,0,0,0,0,0,0,0,0,0,0,0,0,0.61093488036595
zp03,nursery,female,1,25,1,R,1,1,1,0,9,0,3,1,0,0,0,0,0,0,0,0,0,0,0,0,0,0,0.5
zp03,nursery,female,2,1,0,L,1,3,1,0,NaN,1,2,1,0,0,0,0,0,1,0,0,0,0,0,0,0,0,0.5
zp03,nursery,female,2,2,0,L,1,3,1,0,6,0,2,0,0,0,0,0,0,1,0,0,0,0,0,0,0,0,0.831049922220128
zp03,nursery,female,2,3,1,R,0,3,1,0,8,1,2,1,0,0,0,0,0,1,0,0,0,0,0,0,0,0,0.847975282151488
zp03,nursery,female,2,4,0,R,0,3,1,0,12,0,1,1,0,0,0,0,0,1,0,0,0,0,0,0,0,0,0.825561006760621
zp03,nursery,female,2,5,0,R,0,3,1,0,5,0,1,1,0,0,0,0,0,0,0,0,0,0,0,0,0,0,0.803114831497367
zp03,nursery,female,2,6,0,R,1,2,1,0,8,1,2,1,0,0,0,0,0,0,0,0,0,0,0,0,0,0,0.5
zp03,nursery,female,2,7,0,R,1,1,1,0,6,0,2,1,0,0,0,0,0,0,0,1,0,0,0,0,0,0,0.643602668316868
zp03,nursery,female,2,8,1,L,1,1,1,0,8,0,1,1,0,0,0,0,0,0,0,0,0,0,0,0,0,0,0.5
zp03,nursery,female,2,9,0,L,0,1,1,0,15,0,1,1,0,0,0,0,0,0,0,0,0,0,0,0,0,0,0.505407221219515
zp03,nursery,female,2,10,0,L,0,1,1,0,5,0,2,1,0,0,0,0,0,0,0,0,0,0,0,0,0,0,0.653007784380361
zp03,nursery,female,2,11,0,L,0,1,1,0,9,0,1,1,0,0,0,0,0,0,0,0,0,0,0,0,0,0,0.712137679367842
zp03,nursery,female,2,12,0,L,1,1,1,0,5,0,1,1,0,0,0,0,0,0,0,1,0,0,0,0,0,0,0.5
zp03,nursery,female,2,13,0,L,0,1,1,0,12,0,2,1,0,0,0,0,0,0,0,1,0,0,0,0,0,0,0.530147305911436
zp03,nursery,female,2,14,0,L,1,1,1,0,6,1,2,1,0,0,0,0,0,0,0,0,0,0,0,0,0,0,0.504689003589641
zp03,nursery,female,2,15,0,L,0,1,1,0,5,0,2,1,0,0,0,0,0,0,0,1,0,0,0,0,0,0,0.545213503216632
zp03,nursery,female,2,16,0,L,1,1,1,0,5,0,1,1,0,0,0,0,0,0,0,0,0,0,0,0,0,0,0.570729292730161
zp03,nursery,female,2,17,0,L,1,1,1,0,9,1,1,1,0,0,0,0,0,0,0,1,0,0,0,0,0,0,0.618394257284905
zp03,nursery,female,2,18,1,R,0,1,1,0,12,0,2,1,0,0,0,0,0,0,0,0,0,0,0,0,0,0,0.676042611756478
zp03,nursery,female,2,19,0,R,0,1,1,0,9,0,2,1,0,0,0,0,0,0,0,0,0,0,0,0,0,0,0.689212279666509
zp03,nursery,female,2,20,0,R,0,1,1,0,6,0,2,1,0,0,0,0,0,0,0,1,0,0,0,0,0,0,0.733301071164354
zp03,nursery,female,2,21,0,R,0,1,1,0,6,1,2,1,0,0,0,0,0,0,0,0,0,0,0,0,0,0,0.754150212350543
zp03,nursery,female,2,22,0,R,0,1,1,0,8,0,1,1,0,0,0,0,0,0,0,1,0,0,0,0,0,0,0.728536304376444
zp03,nursery,female,2,23,0,R,0,1,1,0,8,0,2,1,0,0,0,0,0,0,0,1,0,0,0,0,0,0,0.713860862066385
zp03,nursery,female,2,24,0,R,0,1,1,0,9,1,2,1,0,0,0,0,0,0,0,1,0,0,0,0,0,0,0.70187915809621
zp03,nursery,female,2,25,0,R,0,1,1,0,6,1,2,1,0,0,0,0,0,0,0,0,0,0,0,0,0,0,0.729082547804169
zp06,nursery,female,1,1,0,R,1,3,1,0,NaN,0,3,1,1,0,0,1,0,0,0,0,0,0,0,0,0,0,0.772508598485791
zp06,nursery,female,1,2,0,R,1,3,1,0,6,0,3,1,0,0,0,1,1,0,0,0,0,0,1,0,0,0,0.868062701277108
zp06,nursery,female,1,3,1,L,1,3,1,0,8,0,2,1,0,0,0,0,0,0,0,0,0,0,1,0,0,0,0.760346540739027
zp06,nursery,female,1,4,0,L,1,3,1,0,9,0,2,1,0,0,0,0,0,0,0,0,0,0,0,0,0,0,0.834548697980133
zp06,nursery,female,1,5,0,L,1,3,1,0,7,0,2,1,0,0,0,0,0,0,0,0,0,0,0,0,0,0,0.883455282876948
zp06,nursery,female,1,6,1,R,1,3,1,0,8,0,3,1,0,0,0,0,0,0,0,0,0,0,0,0,0,0,0.760346540739027
zp06,nursery,female,1,7,0,R,1,4,1,0,14,0,3,1,0,0,0,0,0,0,0,1,0,0,1,0,0,0,0.762959894827169
zp06,nursery,female,1,8,0,R,1,4,1,0,11,0,3,1,0,0,0,1,0,0,0,0,0,0,1,0,0,0,0.821704382550295
zp06,nursery,female,1,9,1,L,1,4,1,0,7,0,2,1,0,0,0,0,0,0,0,1,0,0,1,0,0,0,0.670857294297458
zp06,nursery,female,1,10,0,L,1,4,1,0,13,0,2,1,0,0,0,0,1,0,0,1,0,0,1,0,0,0,0.762959894827267
zp06,nursery,female,1,11,0,L,1,4,1,0,9,0,2,1,0,0,0,0,0,0,0,1,0,0,1,0,0,0,0.821704382550597
zp06,nursery,female,1,12,1,R,0,4,1,0,10,1,3,1,0,0,0,1,1,0,0,0,0,0,0,0,0,0,0.683024104477025
zp06,nursery,female,1,13,0,R,1,4,1,0,7,1,3,1,1,0,0,1,1,0,0,1,0,0,1,0,0,0,0.67269686268409
zp06,nursery,female,1,14,0,R,1,4,1,0,9,0,3,1,1,0,0,1,1,0,0,1,0,0,1,0,0,0,0.762959894827661
zp06,nursery,female,1,15,1,L,0,4,1,0,9,0,2,1,0,0,0,0,0,0,0,1,0,0,1,0,0,0,0.667585856365158
zp06,nursery,female,1,16,0,L,0,4,1,0,7,1,2,1,0,0,0,1,0,0,0,1,0,0,1,0,0,0,0.565217217927321
zp06,nursery,female,1,17,0,L,1,4,1,0,7,0,1,1,1,0,0,1,0,0,0,1,0,0,1,0,0,0,0.703379219718765
zp06,nursery,female,1,18,0,L,0,3,1,0,11,1,2,1,1,0,0,1,1,0,0,0,0,0,1,0,0,0,0.492881631973852
zp06,nursery,female,1,19,0,L,0,3,1,0,9,0,2,1,1,0,0,1,0,0,0,0,0,0,1,0,0,0,0.565217217927222
zp06,nursery,female,1,20,0,L,1,2,1,0,12,0,2,1,1,0,0,1,0,0,0,1,0,0,1,0,0,0,0.90862083871916
zp06,nursery,female,1,21,0,L,1,2,1,0,8,0,2,1,0,0,0,0,0,0,0,1,0,0,1,0,0,0,0.911448434303278
zp06,nursery,female,1,22,1,R,1,2,1,0,10,0,3,1,0,0,0,0,0,0,0,1,0,0,0,0,0,0,0.866700889190452
zp06,nursery,female,1,23,0,R,1,2,1,0,9,0,3,1,0,0,0,0,0,0,0,1,0,0,0,0,0,0,0.911448434303234
zp06,nursery,female,1,24,0,R,1,2,1,0,6,0,3,1,0,0,0,0,0,0,0,1,0,0,0,0,0,0,0.942453953499313
zp06,nursery,female,1,25,1,L,1,2,1,0,8,0,2,1,0,0,0,0,0,0,0,1,0,0,1,0,0,0,0.866700889190452
zp06,nursery,female,2,1,0,L,1,3,1,0,NaN,2,1,0,0,0,0,0,0,0,0,0,0,0,0,0,0,0,0.772508598485791
zp06,nursery,female,2,2,0,L,1,3,1,0,6,0,1,0,0,0,0,0,0,1,0,1,0,0,1,0,0,0,0.868062701277108
zp06,nursery,female,2,3,1,R,1,3,1,0,11,1,1,0,0,0,0,0,0,0,0,0,0,0,1,0,0,0,0.760346540739027
zp06,nursery,female,2,4,0,R,1,3,1,0,6,0,2,1,0,0,0,0,0,0,0,0,0,0,0,0,0,0,0.834548697980359
zp06,nursery,female,2,5,0,R,1,3,1,1,33,0,3,1,0,0,0,0,0,0,0,1,0,0,1,0,0,0,0.883455282874862
zp06,nursery,female,2,6,1,L,0,3,1,0,8,0,2,1,0,0,0,1,0,0,0,0,0,0,1,0,0,0,0.647058814171798
zp06,nursery,female,2,7,0,L,0,3,1,0,6,0,2,1,0,0,0,0,0,0,0,0,0,0,1,0,0,0,0.582714279345209
zp06,nursery,female,2,8,0,L,1,3,1,0,15,0,2,1,0,0,0,0,0,0,0,1,0,0,1,0,0,0,0.760346540739027
zp06,nursery,female,2,9,0,L,1,4,1,0,9,0,1,1,0,0,0,0,0,0,0,0,0,0,1,0,0,0,0.762959894827661
zp06,nursery,female,2,10,1,R,1,4,1,0,8,1,3,0,0,0,0,1,0,1,0,0,0,0,0,0,0,0,0.670857294297458
zp06,nursery,female,2,11,0,R,1,3,1,0,19,0,2,1,0,0,0,0,0,0,0,0,0,0,1,0,0,0,0.837639987663488
zp06,nursery,female,2,12,0,R,1,4,1,0,6,0,2,1,0,0,0,0,0,0,0,0,0,0,0,0,0,0,0.821704382550658
zp06,nursery,female,2,13,1,L,0,4,1,0,8,0,2,1,0,0,0,0,0,0,0,1,0,0,1,0,0,0,0.653567693291246
zp06,nursery,female,2,14,0,L,1,3,1,0,6,0,1,1,0,0,0,0,0,0,0,0,0,0,1,0,0,0,0.760346540739027
zp06,nursery,female,2,15,0,L,0,3,1,0,7,0,2,1,0,0,0,0,0,0,0,0,0,0,1,0,0,0,0.451180464444316
zp06,nursery,female,2,16,0,L,1,4,1,0,7,0,1,1,0,0,0,0,0,0,0,0,0,0,1,0,0,0,0.740031493277074
zp06,nursery,female,2,17,0,L,1,3,1,0,13,0,1,1,0,0,0,0,0,0,0,1,0,0,1,0,0,0,0.834548697979832
zp06,nursery,female,2,18,1,R,1,3,1,0,8,0,2,1,0,0,0,0,0,0,0,0,0,0,1,0,0,0,0.760346540739027
zp06,nursery,female,2,19,0,R,1,4,1,0,18,0,2,1,0,0,0,0,0,0,0,0,0,0,1,0,0,0,0.765205256055144
zp06,nursery,female,2,20,0,R,1,3,1,0,10,0,3,1,0,0,0,0,0,0,0,1,0,0,1,0,0,0,0.883455282876267
zp06,nursery,female,2,21,1,L,1,3,1,0,7,0,1,1,0,0,0,0,0,0,0,1,0,0,1,0,0,0,0.760346540739027
zp06,nursery,female,2,22,0,L,0,4,1,0,15,0,2,1,0,0,0,0,0,0,0,0,0,0,1,0,0,0,0.49938257053656
zp06,nursery,female,2,23,0,L,0,5,1,0,7,0,1,1,0,0,0,0,0,0,0,0,0,0,1,0,0,0,0.565217217927222
zp06,nursery,female,2,24,0,L,1,2,1,0,19,0,1,0,0,0,0,1,0,1,0,0,0,0,1,0,0,0,0.890203874623588
zp06,nursery,female,2,25,0,L,0,2,1,0,10,0,2,1,0,0,0,0,0,0,0,1,0,0,1,0,0,0,0.480903940864253
zp09,mother,female,1,1,0,L,1,3,1,0,NaN,0,3,1,1,0,0,0,0,1,0,0,0,0,0,0,0,0,0.674957075138247
zp09,mother,female,1,2,0,L,1,3,1,0,6,0,1,1,0,0,0,0,0,1,0,1,0,0,1,0,0,0,0.732217750764578
zp09,mother,female,1,3,1,R,1,3,1,0,8,0,1,1,0,0,0,0,0,0,0,1,0,0,1,0,0,0,0.806096514707892
zp09,mother,female,1,4,0,R,1,3,1,0,5,0,1,1,0,0,0,1,0,1,0,1,0,0,1,0,0,0,0.741947305640873
zp09,mother,female,1,5,0,R,0,4,1,0,8,0,1,1,0,0,0,0,0,1,0,1,0,0,1,0,0,0,0.560000095135904
zp09,mother,female,1,6,0,R,1,3,1,0,6,0,2,1,0,0,0,0,0,0,0,1,0,0,1,0,0,0,0.674957075138247
zp09,mother,female,1,7,0,R,1,3,1,1,6,0,1,1,0,0,0,0,0,1,0,1,0,0,1,0,0,0,0.732217750764578
zp09,mother,female,1,8,1,L,0,3,1,0,7,0,2,1,0,0,0,0,0,1,0,1,0,0,1,0,0,0,0.575255981475197
zp09,mother,female,1,9,0,L,0,4,1,0,5,1,1,1,0,0,0,1,0,0,0,1,0,0,1,0,0,0,0.500000000000002
zp09,mother,female,1,10,0,L,1,3,1,0,6,0,2,1,0,0,0,0,0,0,0,0,0,0,1,0,0,0,0.674957075138311
zp09,mother,female,1,11,0,L,1,3,1,0,6,0,1,1,0,0,0,0,0,0,0,1,0,0,0,0,0,0,0.732217750764578
zp09,mother,female,1,12,1,R,1,3,1,0,12,0,3,1,0,0,0,0,0,0,0,1,0,0,1,0,0,0,0.674957075138311
zp09,mother,female,1,13,0,R,1,3,1,0,6,0,3,1,0,0,0,0,0,0,0,1,0,0,1,0,0,0,0.732217750764578
zp09,mother,female,1,14,0,R,0,3,1,0,11,0,2,1,0,0,0,0,0,0,0,1,0,0,1,0,0,0,0.560000095135744
zp09,mother,female,1,15,0,R,1,3,1,0,7,0,3,1,0,0,0,0,0,0,0,1,0,0,1,0,0,0,0.674957075138247
zp09,mother,female,1,16,0,R,1,3,1,0,7,0,2,1,0,0,0,0,0,0,0,1,0,0,1,0,0,0,0.723787480073751
zp09,mother,female,1,17,1,L,1,3,1,0,7,0,1,1,0,0,0,0,0,0,0,1,0,0,1,0,0,0,0.674957075138311
zp09,mother,female,1,18,0,L,1,4,1,0,20,0,1,1,0,0,0,0,0,0,0,1,0,0,1,0,0,0,0.660468720331515
zp09,mother,female,1,19,0,L,1,5,1,0,6,0,1,1,0,0,0,0,0,0,0,1,0,0,1,0,0,0,0.678355212565952
zp09,mother,female,1,20,1,R,1,5,1,0,7,0,2,1,0,0,0,0,0,0,0,0,0,0,1,0,0,0,0.643786879706391
zp09,mother,female,1,21,0,R,1,5,1,0,7,0,1,1,0,0,0,0,0,0,0,1,0,0,1,0,0,0,0.671639385661616
zp09,mother,female,1,22,0,R,1,5,1,0,6,0,2,1,0,0,0,0,0,0,0,1,0,0,1,0,0,0,0.684531804656331
zp09,mother,female,1,23,1,L,0,5,1,0,7,0,1,1,0,0,0,0,0,0,0,1,0,0,1,0,0,0,0.582340311557608
zp09,mother,female,1,24,0,L,0,5,1,0,6,1,1,1,0,0,0,0,0,1,0,1,0,0,1,0,0,0,0.500000000000002
zp09,mother,female,1,25,0,L,1,4,1,0,13,3,1,1,0,0,0,0,0,0,0,1,0,0,1,0,0,0,0.658723420116403
zp09,mother,female,2,1,0,R,1,3,1,0,NaN,0,3,1,0,0,0,1,0,1,0,0,0,0,0,0,0,0,0.674957075138247
zp09,mother,female,2,2,0,R,1,3,1,0,7,0,3,1,0,0,0,1,0,0,0,1,0,0,1,0,0,0,0.723787480073751
zp09,mother,female,2,3,1,L,0,3,1,0,7,0,2,1,0,0,0,1,0,1,0,1,0,0,1,0,0,0,0.575254725052248
zp09,mother,female,2,4,0,L,0,3,1,0,9,0,3,1,0,0,0,1,0,0,0,0,0,0,1,0,0,0,0.500000000000002
zp09,mother,female,2,5,0,L,0,3,1,0,6,0,3,1,0,0,0,0,0,0,0,0,0,0,1,0,0,0,0.5
zp09,mother,female,2,6,0,L,1,1,1,0,10,0,2,1,0,0,0,0,0,0,0,1,0,0,1,0,0,0,0.831496857091634
zp09,mother,female,2,7,0,L,0,1,1,0,6,0,2,1,0,0,0,0,0,0,0,0,0,0,0,0,0,0,0.539466189918329
zp09,mother,female,2,8,0,L,0,1,1,0,6,0,3,1,0,0,0,0,0,0,0,0,0,0,1,0,0,0,0.5
zp09,mother,female,2,9,0,L,0,1,1,0,9,0,3,1,0,0,0,1,0,0,0,0,1,0,1,0,0,0,0.5
zp09,mother,female,2,10,0,L,1,1,1,0,7,0,2,1,0,0,0,0,0,0,0,1,0,0,1,0,0,0,0.711593548523364
zp09,mother,female,2,11,0,L,1,1,1,0,8,0,2,1,0,0,0,0,0,0,0,1,0,0,1,0,0,0,0.776786496635544
zp09,mother,female,2,12,1,R,1,1,1,0,9,0,3,1,0,0,0,1,0,0,0,1,0,0,1,0,0,0,0.711593548523364
zp09,mother,female,2,13,0,R,1,1,1,0,9,0,3,1,0,0,0,0,0,0,0,0,0,0,1,0,1,0,0.769317259952486
zp09,mother,female,2,14,0,R,1,1,1,0,6,0,3,1,0,0,0,0,0,0,0,0,0,0,1,0,0,0,0.805742945023151
zp09,mother,female,2,15,1,L,1,1,1,0,5,0,2,1,0,0,0,0,0,0,0,0,0,0,1,0,0,0,0.711593548523364
zp09,mother,female,2,16,0,L,1,2,1,0,16,0,3,1,0,0,0,0,0,0,0,0,0,0,1,0,0,0,0.711211482863281
zp09,mother,female,2,17,0,L,0,2,1,0,18,0,2,1,0,0,0,0,0,1,0,0,0,0,1,0,0,1,0.560000095135073
zp09,mother,female,2,18,0,L,1,2,1,0,5,0,3,1,0,0,0,0,0,0,0,0,0,0,1,0,0,0,0.692513132602793
zp09,mother,female,2,19,0,L,0,2,1,0,7,0,3,1,0,0,0,0,0,0,0,1,0,0,1,0,0,0,0.507529612225898
zp09,mother,female,2,20,0,L,1,2,1,0,10,0,2,1,0,0,0,0,0,0,0,0,0,0,1,0,0,0,0.692513132602793
zp09,mother,female,2,21,0,L,0,2,1,0,11,0,2,1,0,0,0,0,0,0,0,1,0,0,1,0,0,0,0.500272996534294
zp09,mother,female,2,22,0,L,1,2,1,0,6,0,2,1,0,0,0,0,0,0,0,0,0,0,0,0,0,0,0.692513132602793
zp09,mother,female,2,23,0,L,1,2,1,0,7,0,3,1,0,0,0,0,0,0,0,1,0,0,1,0,0,0,0.753587742319997
zp09,mother,female,2,24,1,R,1,2,1,0,10,0,3,1,0,0,0,0,0,0,0,0,0,0,0,0,0,0,0.692513132602855
zp09,mother,female,2,25,0,R,1,2,1,0,7,0,3,1,0,0,0,1,0,0,0,1,0,0,1,0,0,0,0.753587742319997
zp10,mother,female,1,1,0,R,1,3,1,0,NaN,0,3,1,0,0,0,0,0,0,0,0,0,0,0,0,0,0,0.862220635997237
zp10,mother,female,1,2,0,R,1,3,1,0,6,0,3,1,0,0,0,1,0,0,0,0,0,0,1,0,0,0,0.977724785607055
zp10,mother,female,1,3,1,L,0,3,1,0,6,0,3,1,1,0,0,0,0,0,0,0,0,0,1,0,0,0,0.65714286252519
zp10,mother,female,1,4,0,L,0,3,1,0,6,0,3,1,0,0,0,1,0,0,0,0,0,0,1,0,0,0,0.60465172856759
zp10,mother,female,1,5,0,L,1,3,1,0,5,1,3,1,0,0,0,1,0,0,0,0,0,0,1,0,0,0,0.837209318059331
zp10,mother,female,1,6,0,L,1,3,1,0,5,1,3,1,0,0,0,1,0,0,0,0,0,0,1,0,0,0,0.919156660878915
zp10,mother,female,1,7,1,R,1,3,1,0,9,0,3,1,0,0,0,1,0,0,0,0,0,0,1,0,0,0,0.856973059780071
zp10,mother,female,1,8,0,R,1,3,1,0,11,0,3,1,0,0,0,1,0,0,0,0,0,0,1,0,0,0,0.919156616805356
zp10,mother,female,1,9,0,R,1,3,1,0,7,1,3,1,0,0,0,0,0,0,0,0,0,0,1,0,0,0,0.919156646197268
zp10,mother,female,1,10,1,L,1,3,1,0,7,0,3,1,0,0,0,1,0,0,0,0,0,0,1,0,0,0,0.854311292847669
zp10,mother,female,1,11,0,L,1,4,1,0,9,0,2,1,0,0,0,1,0,0,0,0,0,0,1,0,0,0,0.913779411737464
zp10,mother,female,1,12,0,L,1,4,1,0,6,0,2,1,0,0,0,1,0,0,0,0,0,0,0,0,0,0,0.915150078043998
zp10,mother,female,1,13,1,R,1,4,1,0,7,0,3,1,0,0,0,1,0,0,0,0,0,0,1,0,0,0,0.846217918391171
zp10,mother,female,1,14,0,R,1,4,1,0,9,0,3,1,0,0,0,0,0,0,0,0,0,0,0,0,0,0,0.913779411737464
zp10,mother,female,1,15,0,R,1,4,1,0,7,0,3,1,0,0,0,1,0,0,0,0,0,0,1,0,0,0,0.913779427324273
zp10,mother,female,1,16,1,L,1,4,1,0,10,0,1,1,1,0,0,1,0,0,0,0,0,0,1,0,0,0,0.846217918391171
zp10,mother,female,1,17,0,L,1,6,1,0,9,0,1,1,1,0,0,1,0,0,0,0,0,0,1,0,0,0,0.913043421730452
zp10,mother,female,1,18,0,L,0,5,1,1,33,0,3,1,1,0,0,1,0,0,0,0,0,0,1,0,0,0,0.555555191058984
zp10,mother,female,1,19,0,L,0,5,1,1,32,0,3,1,1,0,0,1,0,0,0,0,0,0,1,0,0,0,0.604651728522335
zp10,mother,female,1,20,0,L,0,3,1,0,44,0,3,1,0,0,0,1,0,0,0,0,0,0,1,0,0,0,0.604651728506172
zp10,mother,female,1,21,0,L,1,4,1,0,4,1,3,1,0,0,0,1,0,0,0,0,0,0,1,0,0,0,0.854491808621636
zp10,mother,female,1,22,0,L,1,3,1,0,7,0,3,1,0,0,0,1,0,0,0,0,0,0,1,0,0,0,0.919156646187726
zp10,mother,female,1,23,1,R,1,3,1,0,8,0,3,1,0,0,0,1,0,0,0,0,0,0,1,0,0,0,0.856973059780071
zp10,mother,female,1,24,0,R,0,3,1,0,8,0,1,1,1,0,0,1,0,0,0,0,0,0,1,0,0,0,0.500000000007176
zp10,mother,female,1,25,NaN,,NaN,NaN,1,4,NaN,NaN,NaN,NaN,0,0,0,0,0,0,0,0,0,0,0,0,0,0,0.5
zp10,mother,female,2,1,0,L,1,3,1,0,NaN,1,3,1,0,0,0,1,0,0,0,0,0,0,0,0,0,0,0.862220635997237
zp10,mother,female,2,2,0,L,1,3,1,0,7,1,3,1,0,0,0,1,0,0,0,0,0,0,1,0,0,0,0.977724783454117
zp10,mother,female,2,3,1,R,1,3,1,0,7,0,3,1,0,0,0,1,0,0,0,0,0,0,1,0,0,0,0.837209318059331
zp10,mother,female,2,4,0,R,1,3,1,0,6,0,3,1,0,0,0,1,0,0,0,0,0,0,1,0,0,0,0.91915665353332
zp10,mother,female,2,5,0,R,1,3,1,1,9,0,3,1,0,0,0,1,0,0,0,0,0,0,1,0,0,0,0.919156631506082
zp10,mother,female,2,6,1,L,1,3,1,0,7,0,3,1,0,0,0,1,0,0,0,0,0,0,1,0,0,0,0.854311292847669
zp10,mother,female,2,7,0,L,1,4,1,0,8,0,1,1,0,0,0,1,0,0,0,0,0,0,1,0,0,0,0.913779419525809
zp10,mother,female,2,8,0,L,1,4,1,0,6,0,1,1,0,0,0,1,0,0,0,0,0,0,1,0,0,0,0.91616625447961
zp10,mother,female,2,9,1,R,1,4,1,0,7,0,3,1,0,0,0,1,0,0,0,0,0,0,1,0,0,0,0.846217918391171
zp10,mother,female,2,10,0,R,1,4,1,0,8,0,3,1,0,0,0,1,0,0,0,0,0,0,1,0,0,0,0.913779419525809
zp10,mother,female,2,11,0,R,1,4,1,0,8,0,3,1,0,0,0,1,0,0,0,0,0,0,1,0,0,0,0.913779419535927
zp10,mother,female,2,12,1,L,1,4,1,0,8,0,1,1,0,0,0,1,0,0,0,0,0,0,1,0,0,0,0.846217918391171
zp10,mother,female,2,13,0,L,1,5,1,0,10,0,2,1,0,0,0,1,0,0,0,0,0,0,1,0,0,0,0.913043421746403
zp10,mother,female,2,14,0,L,1,5,1,0,7,4,3,1,0,0,0,1,0,0,0,0,0,0,1,0,0,0,0.913043421746488
zp10,mother,female,2,15,1,R,1,6,1,0,8,0,2,1,0,0,0,1,0,0,0,0,0,0,1,0,0,0,0.837209318058927
zp10,mother,female,2,16,0,R,1,5,1,0,8,0,3,1,0,0,0,1,0,0,0,0,0,0,1,0,0,0,0.913043421746459
zp10,mother,female,2,17,0,R,1,5,1,0,7,0,3,1,0,0,0,0,0,0,0,0,0,0,1,0,0,0,0.913043421746488
zp10,mother,female,2,18,1,L,0,6,1,0,6,0,2,1,0,0,0,1,0,0,0,0,0,0,1,0,0,0,0.661410934451763
zp10,mother,female,2,19,0,L,1,5,1,0,5,0,2,1,0,0,0,1,0,0,0,0,0,0,1,0,0,0,0.838111745067342
zp10,mother,female,2,20,0,L,1,6,1,0,6,0,1,1,0,0,0,1,0,0,0,0,0,0,1,0,0,0,0.913043421730537
zp10,mother,female,2,21,1,R,1,5,1,0,9,0,3,1,0,0,0,1,0,0,0,0,0,0,1,0,0,0,0.840963146034326
zp10,mother,female,2,22,0,R,1,5,1,0,7,0,3,1,0,0,0,1,0,0,0,0,0,0,1,0,0,0,0.913043421746488
zp10,mother,female,2,23,0,R,0,5,1,2,64,0,3,1,0,0,0,1,0,0,0,0,0,0,1,0,0,0,NaN
zp10,mother,female,2,24,0,R,1,5,1,0,6,0,3,1,0,0,0,1,0,0,0,0,0,0,1,0,0,0,0.846693035682582
zp10,mother,female,2,25,0,R,0,5,1,3,138,2,3,1,0,0,0,1,0,0,0,0,0,0,1,0,0,0,NaN
zp04,mother,male,1,1,0,L,1,3,1,0,NaN,1,2,0,1,0,0,0,0,0,0,0,0,0,0,0,0,0,0.600626724369233
zp04,mother,male,1,2,0,L,0,3,1,0,10,2,3,0,1,0,0,0,0,0,0,0,0,0,0,0,0,0,0.989966511351889
zp04,mother,male,1,3,0,L,1,3,1,0,5,1,1,0,1,0,0,0,0,0,0,1,0,0,0,0,0,0,0.600626724369233
zp04,mother,male,1,4,0,L,0,3,1,0,7,2,2,0,1,0,0,0,0,0,0,0,0,0,0,0,0,0,0.419011410482815
zp04,mother,male,1,5,0,L,0,3,1,0,7,2,3,0,1,0,0,0,0,0,0,0,0,0,0,0,0,0,0.585000888936004
zp04,mother,male,1,6,0,L,1,2,1,0,17,1,2,1,0,0,0,1,0,1,0,0,0,0,1,0,0,0,0.614687248266577
zp04,mother,male,1,7,0,L,1,1,1,0,6,1,2,1,0,0,0,0,0,1,0,0,0,0,0,0,0,0,0.870428039615037
zp04,mother,male,1,8,1,R,1,1,1,0,8,1,3,1,0,0,0,0,0,0,0,0,0,1,0,0,0,0,0.600644795970029
zp04,mother,male,1,9,0,R,0,1,1,0,7,1,3,1,0,0,0,0,0,0,0,0,0,0,0,0,0,0,0.416666677550842
zp04,mother,male,1,10,0,R,1,1,1,0,13,0,3,1,0,0,0,0,0,0,0,1,0,0,1,0,0,0,0.600644788083501
zp04,mother,male,1,11,0,R,1,1,1,0,16,0,2,1,0,0,0,0,0,0,0,1,0,0,0,0,0,0,0.624947917267732
zp04,mother,male,1,12,1,L,1,1,1,0,6,1,1,1,0,0,0,0,0,0,0,1,0,0,0,0,0,0,0.600644795970029
zp04,mother,male,1,13,0,L,1,3,1,0,15,0,1,1,0,0,0,0,0,0,0,1,0,1,0,0,0,0,0.621681794360404
zp04,mother,male,1,14,0,L,1,2,1,0,15,0,1,1,0,0,0,0,0,0,0,1,0,0,0,0,0,0,0.624783702727053
zp04,mother,male,1,15,1,R,1,2,1,0,12,0,3,1,0,0,0,0,0,0,0,1,0,0,1,0,0,0,0.600635767673832
zp04,mother,male,1,16,0,R,1,2,1,0,5,0,3,1,0,0,0,0,0,0,0,0,0,0,0,0,0,0,0.869022416382043
zp04,mother,male,1,17,0,R,1,2,1,0,8,0,3,1,0,0,0,0,0,0,0,1,0,0,0,0,0,0,0.728412791067616
zp04,mother,male,1,18,1,L,0,2,1,0,19,1,2,1,0,0,0,0,0,0,0,0,0,0,1,0,0,0,0.583333322449158
zp04,mother,male,1,19,0,L,1,2,1,0,15,0,1,1,0,0,0,0,0,0,0,1,0,0,1,0,0,0,0.611107011085127
zp04,mother,male,1,20,0,L,1,2,1,0,9,1,3,0,1,0,0,0,0,0,0,0,0,0,0,0,0,0,0.685638683913852
zp04,mother,male,1,21,1,R,0,2,1,0,24,0,3,1,1,0,0,0,0,0,0,0,0,0,0,0,0,0,0.583333322449158
zp04,mother,male,1,22,0,R,1,2,1,1,15,1,3,1,0,0,0,0,0,0,0,1,0,0,0,0,0,0,0.611110613890354
zp04,mother,male,1,23,0,R,0,2,1,0,78,1,3,0,1,0,0,0,0,0,0,0,0,0,0,0,0,0,NaN
zp04,mother,male,1,24,NaN,,NaN,NaN,NaN,NaN,NaN,NaN,NaN,NaN,0,0,0,0,0,0,0,0,0,0,0,0,0,0,0.5
zp04,mother,male,1,25,NaN,,NaN,NaN,NaN,NaN,NaN,NaN,NaN,NaN,0,0,0,0,0,0,0,0,0,0,0,0,0,0,0.5
zp04,mother,male,2,1,0,R,1,3,1,0,NaN,8,1,0,1,0,0,0,0,0,0,0,0,0,0,0,0,0,0.600626724369233
zp04,mother,male,2,2,0,R,1,3,1,0,15,2,1,0,1,0,0,0,0,0,0,1,0,0,0,0,0,0,0.616215977363261
zp04,mother,male,2,3,1,L,1,3,1,0,11,0,1,1,1,0,0,1,0,0,0,1,0,0,0,0,0,0,0.995538936512171
zp04,mother,male,2,4,0,L,1,3,1,2,59,0,1,1,1,0,0,0,0,0,0,1,1,0,0,0,0,0,0.61772222249576
zp04,mother,male,2,5,0,L,0,3,1,0,24,0,3,1,1,0,0,0,0,0,0,0,0,0,1,0,0,0,0.499935409433258
zp04,mother,male,2,6,0,L,1,3,1,0,15,10,3,0,1,0,0,0,0,0,0,1,0,0,1,0,0,0,0.61308505760845
zp04,mother,male,2,7,0,L,0,3,1,0,21,1,3,1,0,0,0,0,0,0,0,1,0,0,1,0,0,0,0.499770542900927
zp04,mother,male,2,8,0,L,0,3,1,1,132,5,3,0,0,0,0,1,0,0,0,1,0,1,1,1,0,0,NaN
zp04,mother,male,2,9,0,L,0,1,1,0,24,3,3,0,0,0,0,1,0,0,0,0,0,0,1,0,0,0,0.500171158963703
zp04,mother,male,2,10,0,L,0,1,1,1,5,0,3,1,0,0,0,0,0,0,0,0,0,0,1,0,0,0,0.868407910262552
zp04,mother,male,2,11,0,L,1,1,1,0,37,1,1,1,0,0,0,0,0,0,0,0,0,0,1,0,0,0,0.618204185336925
zp04,mother,male,2,12,0,L,0,1,1,0,21,3,3,0,0,0,0,1,0,0,0,0,0,0,1,0,0,0,0.499465776504162
zp04,mother,male,2,13,0,L,0,1,1,0,7,0,3,1,0,0,0,0,0,0,0,0,0,0,1,0,0,0,0.694108158369474
zp04,mother,male,2,14,0,L,0,1,1,0,6,1,3,1,0,0,0,0,0,0,0,0,0,0,1,0,0,0,0.7933888980627
zp04,mother,male,2,15,0,L,1,1,1,0,33,1,3,1,0,0,0,0,0,1,0,1,0,0,1,0,0,0,0.618196138905404
zp04,mother,male,2,16,0,L,1,1,1,1,6,0,2,1,0,0,0,0,0,0,0,0,0,0,0,0,0,0,0.870640543438998
zp04,mother,male,2,17,1,R,1,1,1,0,9,0,3,1,0,0,0,0,0,0,0,1,0,0,0,0,0,0,0.600644795970029
zp04,mother,male,2,18,0,R,1,1,1,0,5,0,3,1,0,0,0,0,0,0,0,1,0,0,0,0,0,0,0.923607572130721
zp04,mother,male,2,19,0,R,1,1,1,0,6,0,3,1,0,0,0,0,0,0,0,0,0,0,0,0,0,0,0.900822666779632
zp04,mother,male,2,20,1,L,0,1,1,0,6,0,3,1,0,0,0,0,0,0,0,1,0,0,0,0,0,0,0.801897668031252
zp04,mother,male,2,21,0,L,0,1,1,0,5,0,2,1,0,0,0,0,0,0,0,1,0,0,0,0,0,0,0.892971806264459
zp04,mother,male,2,22,0,L,0,1,1,0,10,0,1,1,0,0,0,0,0,0,0,1,0,0,0,0,0,0,0.569278794038566
zp04,mother,male,2,23,0,L,0,1,1,0,12,0,3,1,0,0,0,0,0,0,0,1,0,0,1,0,0,0,0.526054455122079
zp04,mother,male,2,24,0,L,0,1,1,0,12,0,2,1,1,0,0,0,0,0,0,1,0,0,0,0,0,0,0.525717196924492
zp04,mother,male,2,25,0,L,0,1,1,2,66,1,2,1,1,0,0,0,0,0,0,0,0,0,1,0,0,0,NaN
zp05,mother,male,1,1,0,R,1,3,1,0,NaN,0,2,1,0,0,0,0,0,0,0,0,0,0,0,0,0,0,0.762607059182355
zp05,mother,male,1,2,0,R,1,3,1,0,6,0,3,1,0,0,0,0,0,0,0,0,0,0,0,0,0,0,0.888962012477667
zp05,mother,male,1,3,1,L,1,3,1,0,8,0,2,1,0,0,0,0,0,0,0,0,0,0,0,0,0,0,0.755555547755144
zp05,mother,male,1,4,0,L,1,3,1,0,6,0,1,1,0,0,0,0,0,0,0,0,0,0,0,0,0,0,0.834852349574972
zp05,mother,male,1,5,0,L,1,3,1,0,7,0,2,1,0,0,0,0,0,0,0,0,0,0,0,0,0,0,0.822469786873678
zp05,mother,male,1,6,1,R,1,3,1,0,7,0,3,1,0,0,0,0,0,0,0,0,0,0,0,0,0,0,0.755555547755144
zp05,mother,male,1,7,0,R,1,4,1,0,15,0,3,1,0,0,0,0,0,0,0,0,0,0,0,0,0,0,0.796038083977855
zp05,mother,male,1,8,0,R,1,4,1,0,15,0,3,1,0,0,0,0,0,0,0,0,0,0,0,0,0,0,0.822469786873553
zp05,mother,male,1,9,1,L,1,4,1,0,8,0,3,1,0,0,0,0,0,0,0,0,0,0,0,0,0,0,0.755555547755118
zp05,mother,male,1,10,0,L,1,4,1,0,199,0,2,1,0,0,0,0,0,0,0,0,0,0,0,0,0,0,NaN
zp05,mother,male,1,11,0,L,1,4,1,0,7,0,2,1,0,0,0,0,0,0,0,0,0,0,0,0,0,0,0.822469786873553
zp05,mother,male,1,12,1,R,1,4,1,0,7,0,3,1,0,0,0,0,0,0,0,0,0,0,0,0,0,0,0.755555547755118
zp05,mother,male,1,13,0,R,1,5,1,0,9,0,2,1,0,0,0,0,0,0,0,0,0,0,0,0,0,0,0.796038083977717
zp05,mother,male,1,14,0,R,1,5,1,0,6,0,3,1,0,0,0,0,0,0,0,0,0,0,0,0,0,0,0.822469786873428
zp05,mother,male,1,15,1,L,1,5,1,0,5,0,1,1,0,0,0,0,0,0,0,0,0,0,0,0,0,0,0.755555547755092
zp05,mother,male,1,16,0,L,1,6,1,0,55,0,2,1,0,0,0,0,0,0,0,0,0,0,0,0,0,0,0.796038083977578
zp05,mother,male,1,17,0,L,1,5,1,0,6,0,2,1,0,0,0,0,0,0,0,0,0,0,0,0,0,0,0.822469786873428
zp05,mother,male,1,18,1,R,1,5,1,0,7,1,2,1,0,0,0,0,0,0,0,0,0,0,0,0,0,0,0.755555547755092
zp05,mother,male,1,19,0,R,0,7,1,0,12,0,2,1,0,0,0,0,0,0,0,0,0,0,0,0,0,0,0.49947323669498
zp05,mother,male,1,20,0,R,1,6,1,0,7,0,3,1,0,0,0,0,0,0,0,0,0,0,0,0,0,0,0.762607059181892
zp05,mother,male,1,21,0,R,1,6,1,0,9,0,3,1,0,0,0,0,0,0,0,0,0,0,0,0,0,0,0.796038083977578
zp05,mother,male,1,22,1,L,1,7,1,0,9,0,3,1,0,0,0,0,0,0,0,0,0,0,0,0,0,0,0.76143303420817
zp05,mother,male,1,23,0,L,1,6,1,0,7,0,1,1,0,0,0,0,0,0,0,0,0,0,0,0,0,0,0.796038083977578
zp05,mother,male,1,24,0,L,0,7,1,0,8,0,2,1,0,0,0,0,0,0,0,0,0,0,0,0,0,0,0.496102863340534
zp05,mother,male,1,25,0,L,0,6,1,0,6,0,3,1,0,0,0,0,0,0,0,0,0,0,0,0,0,0,0.51859198781077
zp05,mother,male,2,1,0,L,1,3,1,0,NaN,0,1,1,0,0,0,0,0,0,0,0,0,0,0,0,0,0,0.762607059182355
zp05,mother,male,2,2,0,L,1,3,1,0,7,0,2,1,0,0,0,0,0,0,0,0,0,0,0,0,0,0,0.888962012477667
zp05,mother,male,2,3,1,R,1,3,1,0,7,1,2,1,0,0,0,0,0,0,0,0,0,0,0,0,0,0,0.755555547755144
zp05,mother,male,2,4,0,R,0,3,1,0,7,0,2,1,0,0,0,0,0,0,0,0,0,0,0,0,0,0,0.454299803603213
zp05,mother,male,2,5,0,R,0,3,1,0,6,0,2,1,0,0,0,0,0,0,0,0,0,0,0,0,0,0,0.580219777711028
zp05,mother,male,2,6,0,R,1,1,1,0,19,0,1,1,0,0,0,0,0,0,0,0,0,0,0,0,0,0,0.769734079793402
zp05,mother,male,2,7,0,R,0,1,1,0,7,0,3,1,0,0,0,0,0,0,0,0,0,0,0,0,0,0,0.382352947178723
zp05,mother,male,2,8,0,R,1,1,1,0,7,1,2,1,0,0,0,0,0,0,0,0,0,0,0,0,0,0,0.762607059182665
zp05,mother,male,2,9,0,R,1,1,1,0,25,0,3,1,0,0,0,0,0,0,0,1,0,0,0,1,0,0,0.796038083978272
zp05,mother,male,2,10,1,L,1,1,1,0,6,0,3,1,0,0,0,0,0,0,0,0,0,0,0,0,0,0,0.755555547755196
zp05,mother,male,2,11,0,L,1,1,1,0,6,0,1,1,0,0,0,0,0,0,0,0,0,0,0,0,0,0,0.904276009894637
zp05,mother,male,2,12,0,L,1,1,1,0,5,0,1,1,0,0,0,0,0,0,0,0,0,0,0,0,0,0,0.955219948082732
zp05,mother,male,2,13,1,R,0,1,1,0,7,0,1,1,0,0,0,0,0,0,0,0,0,0,0,0,0,0,0.648185321325505
zp05,mother,male,2,14,0,R,0,1,1,0,13,0,2,1,0,0,0,0,0,0,0,0,0,0,0,0,0,0,0.506979354544385
zp05,mother,male,2,15,0,R,0,1,1,0,6,0,2,1,0,0,0,0,0,0,0,0,0,1,0,0,0,0,0.703196630704795
zp05,mother,male,2,16,0,R,0,1,1,0,17,0,1,1,0,0,0,0,0,0,0,0,0,1,0,0,0,0,0.500982828270888
zp05,mother,male,2,17,0,R,1,1,1,0,32,0,2,1,0,0,0,0,0,0,0,0,0,0,0,0,0,0,0.765156991553468
zp05,mother,male,2,18,0,R,1,1,1,0,6,0,3,1,0,0,0,0,0,0,0,0,0,0,0,0,0,0,0.906238682009624
zp05,mother,male,2,19,1,L,1,1,1,0,6,1,3,1,0,0,0,0,0,0,0,0,0,0,0,0,0,0,0.755555547755196
zp05,mother,male,2,20,0,L,1,1,1,0,6,0,2,1,0,0,0,0,0,0,0,0,0,0,0,0,0,0,0.904276009894637
zp05,mother,male,2,21,0,L,1,1,1,0,6,0,2,1,0,0,0,0,0,0,0,0,0,0,0,0,0,0,0.915815502309088
zp05,mother,male,2,22,1,R,1,1,1,0,8,0,2,1,0,0,0,0,0,0,0,0,0,0,0,0,0,0,0.755555547755196
zp05,mother,male,2,23,0,R,1,2,1,0,7,0,2,1,0,0,0,0,0,0,0,0,0,0,0,0,0,0,0.833336073535396
zp05,mother,male,2,24,0,R,1,2,1,0,6,0,2,1,0,0,0,0,0,0,0,0,0,0,0,0,0,0,0.871021547926424
zp05,mother,male,2,25,1,L,0,2,1,0,6,0,2,1,0,0,0,0,0,0,0,0,0,0,0,0,0,0,0.648185321325505
zp07,nursery,male,1,1,0,R,1,3,1,0,NaN,2,2,0,1,0,0,0,0,0,0,0,0,0,0,0,0,0,0.5
zp07,nursery,male,1,2,0,R,1,3,1,2,79,2,1,0,1,0,0,1,0,1,1,1,0,0,0,0,0,0,NaN
zp07,nursery,male,1,3,1,L,1,3,1,1,23,2,2,0,1,0,0,0,0,0,0,0,0,0,0,0,0,0,0.5
zp07,nursery,male,1,4,0,L,0,3,1,0,8,2,2,0,1,0,0,0,0,0,0,0,0,0,0,0,0,0,0.5
zp07,nursery,male,1,5,0,L,0,3,1,0,5,1,3,0,0,0,0,0,0,1,0,0,0,0,0,0,0,0,0.799213368768859
zp07,nursery,male,1,6,0,L,0,1,1,0,7,1,2,1,0,0,0,0,0,0,0,0,0,0,0,0,0,0,0.769174099627249
zp07,nursery,male,1,7,0,L,0,1,1,0,5,0,2,1,0,0,0,0,0,0,0,0,0,0,0,0,0,0,0.823584771979628
zp07,nursery,male,1,8,0,L,0,1,1,0,13,1,3,1,0,0,0,0,0,0,0,0,0,0,0,0,1,0,0.684231252593765
zp07,nursery,male,1,9,0,L,1,1,1,0,4,0,2,1,0,0,0,0,0,0,0,1,0,0,0,0,0,0,0.5
zp07,nursery,male,1,10,0,L,0,1,1,0,12,0,2,1,0,0,0,0,0,1,0,1,0,0,0,0,0,0,0.5
zp07,nursery,male,1,11,0,L,0,1,1,0,5,0,2,1,0,0,0,0,0,1,0,0,0,0,0,0,0,0,0.801379619435146
zp07,nursery,male,1,12,0,L,0,1,1,0,5,0,2,1,0,0,0,0,0,0,0,0,0,0,0,0,0,0,0.843245249248991
zp07,nursery,male,1,13,0,L,0,1,1,0,7,1,2,1,0,0,0,0,0,0,0,1,0,0,0,0,0,0,0.786724117122414
zp07,nursery,male,1,14,0,L,0,1,1,0,5,0,3,1,0,0,0,0,0,0,0,0,0,0,0,0,0,0,0.823584771979628
zp07,nursery,male,1,15,0,L,0,1,1,0,4,0,3,1,0,0,0,0,0,0,0,0,0,0,0,0,0,0,0.871056070201283
zp07,nursery,male,1,16,0,L,0,1,1,0,35,1,2,1,0,0,0,0,0,0,0,1,0,0,0,0,0,0,0.538093037465463
zp07,nursery,male,1,17,0,L,0,1,1,0,6,2,2,1,0,0,0,0,1,1,0,1,0,0,0,0,0,0,0.785122475878701
zp07,nursery,male,1,18,0,L,1,1,1,0,5,7,3,1,1,0,0,0,0,0,0,0,0,0,0,0,0,0,0.5
zp07,nursery,male,1,19,0,L,1,1,1,0,11,1,2,1,0,0,0,0,0,0,0,0,0,0,0,0,0,0,0.797186551399568
zp07,nursery,male,1,20,1,R,1,1,1,0,10,0,3,1,0,0,0,0,0,0,0,0,0,0,0,0,0,0,0.5
zp07,nursery,male,1,21,0,R,1,1,1,0,9,0,3,1,0,0,0,0,0,0,0,0,0,0,0,0,0,0,0.823914782156238
zp07,nursery,male,1,22,0,R,1,1,1,0,7,0,3,1,0,0,0,0,0,0,0,0,0,1,0,0,0,0,0.899533144470941
zp07,nursery,male,1,23,1,L,0,1,1,0,9,0,2,1,0,0,0,0,0,0,0,0,0,0,0,0,0,0,0.738579495809447
zp07,nursery,male,1,24,0,L,0,1,1,0,5,0,3,1,0,0,0,0,0,0,0,0,0,0,0,0,0,0,0.807035460769693
zp07,nursery,male,1,25,0,L,0,1,1,0,5,1,2,1,0,0,0,0,0,0,0,0,0,0,0,0,0,0,0.843245249248991
zp07,nursery,male,2,1,0,L,1,3,1,0,NaN,0,2,0,1,0,0,0,0,0,0,0,0,0,0,0,0,0,0.5
zp07,nursery,male,2,2,0,L,1,3,1,0,6,0,1,1,1,0,0,1,0,1,0,1,0,0,0,0,0,0,0.781595184606645
zp07,nursery,male,2,3,1,R,0,3,1,0,8,0,1,1,1,0,0,0,0,0,0,1,0,0,0,0,0,0,0.77230857407142
zp07,nursery,male,2,4,0,R,0,3,1,0,6,0,2,1,1,0,0,0,1,0,0,0,0,0,0,0,0,0,0.799999622809476
zp07,nursery,male,2,5,0,R,0,3,1,0,7,0,2,1,0,0,0,0,0,0,0,0,0,0,0,0,0,0,0.792636703303042
zp07,nursery,male,2,6,0,R,0,1,1,0,6,0,2,1,0,0,0,0,0,0,0,1,0,0,0,0,0,0,0.785122475878701
zp07,nursery,male,2,7,0,R,0,1,1,0,9,0,2,1,0,0,0,0,0,0,0,1,0,0,0,0,0,0,0.738579495809445
zp07,nursery,male,2,8,0,R,0,1,1,0,5,0,2,1,0,0,0,0,0,0,0,0,0,0,0,0,0,0,0.807035460769693
zp07,nursery,male,2,9,0,R,0,1,1,0,6,0,2,1,0,0,0,0,0,0,0,0,0,0,0,0,0,0,0.814870743450868
zp07,nursery,male,2,10,0,R,1,1,1,0,5,0,2,1,0,0,0,0,0,0,0,1,0,0,0,0,0,0,0.5
zp07,nursery,male,2,11,0,R,1,1,1,0,5,0,2,1,0,0,0,0,0,0,0,0,0,0,0,0,0,0,0.879518021403064
zp07,nursery,male,2,12,1,L,1,1,1,0,7,1,2,1,0,0,0,0,1,0,0,0,0,0,0,0,0,0,0.5
zp07,nursery,male,2,13,0,L,1,1,1,0,6,0,3,1,0,0,0,0,0,0,0,0,0,0,0,0,0,0,0.865643562848101
zp07,nursery,male,2,14,0,L,1,1,1,0,6,0,3,1,0,0,0,0,0,0,0,0,0,0,0,0,0,0,0.925812789260008
zp07,nursery,male,2,15,1,R,0,1,1,0,8,0,2,1,0,0,0,0,0,0,0,0,0,0,0,0,0,0,0.753633227305334
zp07,nursery,male,2,16,0,R,1,1,1,0,4,0,2,1,0,0,0,0,0,0,0,0,0,0,0,0,0,0,0.5
zp07,nursery,male,2,17,0,R,1,1,1,1,34,0,3,1,0,0,0,0,0,0,0,1,0,0,0,0,0,0,0.656133388560647
zp07,nursery,male,2,18,1,L,1,1,1,0,9,0,2,1,0,0,0,0,0,0,0,0,0,0,0,0,0,0,0.5
zp07,nursery,male,2,19,0,L,1,1,1,0,7,0,2,1,0,0,0,0,0,0,0,1,0,0,0,0,0,0,0.851662471099932
zp07,nursery,male,2,20,0,L,1,1,1,0,6,1,2,1,0,0,0,0,0,0,0,0,0,0,0,0,0,0,0.921207104339816
zp07,nursery,male,2,21,1,R,0,1,1,0,7,0,3,1,0,0,0,0,0,0,0,0,0,0,0,0,0,0,0.776749481391751
zp07,nursery,male,2,22,0,R,0,1,1,0,5,0,2,1,0,0,0,0,0,0,0,0,0,0,0,0,0,0,0.823584771979627
zp07,nursery,male,2,23,0,R,1,1,1,1,29,0,3,1,0,0,0,0,0,0,0,0,0,0,0,0,0,0,0.59748489408197
zp07,nursery,male,2,24,0,R,0,1,1,0,49,0,3,1,0,0,0,0,0,0,0,0,0,0,0,0,0,0,0.5
zp07,nursery,male,2,25,0,R,0,1,1,1,40,0,3,1,0,0,0,0,0,0,0,1,0,0,0,0,0,0,0.526372433154049
zp08,nursery,male,1,1,0,L,1,3,0,0,NaN,1,1,1,0,0,0,0,0,0,0,0,0,0,0,0,0,0,0.726461557662982
zp08,nursery,male,1,2,0,L,0,3,0,0,9,1,1,1,0,0,0,0,0,0,0,0,1,0,0,0,0,0,0.403506049316582
zp08,nursery,male,1,3,0,L,1,3,0,1,52,1,1,1,0,0,0,0,0,0,0,0,1,0,0,0,0,0,0.742914406263868
zp08,nursery,male,1,4,0,L,1,3,0,0,11,0,1,1,0,0,0,0,0,0,0,1,0,0,0,0,0,0,0.820777354584864
zp08,nursery,male,1,5,1,R,1,3,0,0,9,0,2,1,0,0,0,0,0,0,0,1,0,0,0,0,0,0,0.70454549631153
zp08,nursery,male,1,6,0,R,1,3,0,1,195,0,3,1,0,0,0,0,0,0,0,1,0,0,0,0,0,0,NaN
zp08,nursery,male,1,7,0,R,1,4,0,0,10,0,3,1,0,0,0,0,0,0,0,0,1,0,0,0,0,0,0.848868127567579
zp08,nursery,male,1,8,1,L,0,3,0,0,8,0,3,1,0,0,0,0,0,0,0,0,1,0,0,0,0,0,0.668267613029814
zp08,nursery,male,1,9,0,L,0,3,0,0,6,0,2,1,0,0,0,0,0,0,0,1,0,0,0,0,0,0,0.634103394534274
zp08,nursery,male,1,10,0,L,1,3,0,0,7,0,1,1,0,0,0,0,0,0,0,1,0,0,0,0,0,0,0.70454549631153
zp08,nursery,male,1,11,0,L,1,3,0,0,10,0,1,1,0,0,0,0,0,0,0,0,1,0,0,0,0,0,0.820605686970849
zp08,nursery,male,1,12,1,R,1,4,0,0,10,0,3,1,0,0,0,0,0,0,0,0,1,0,0,0,0,0,0.70454549631142
zp08,nursery,male,1,13,0,R,1,3,0,0,8,0,2,1,0,0,0,0,0,0,0,1,0,0,0,0,0,0,0.840896165792305
zp08,nursery,male,1,14,0,R,1,4,0,0,9,0,2,1,0,0,0,0,0,0,0,1,0,0,0,0,0,0,0.848868127567579
zp08,nursery,male,1,15,1,L,1,3,0,0,8,0,1,1,0,0,0,0,0,0,0,1,0,0,0,0,0,0,0.70454549631153
zp08,nursery,male,1,16,0,L,0,5,0,0,16,0,2,1,0,0,0,0,0,0,0,0,0,0,0,0,0,0,0.493869112050317
zp08,nursery,male,1,17,0,L,1,4,0,0,38,0,1,1,0,0,0,0,0,0,0,0,1,0,0,0,0,0,0.726461557662976
zp08,nursery,male,1,18,0,L,1,4,0,0,8,0,1,1,0,0,0,0,0,0,0,1,0,0,0,0,0,0,0.823734639935094
zp08,nursery,male,1,19,1,R,1,4,0,0,14,0,2,1,0,0,0,0,0,0,0,0,0,0,0,0,0,0,0.70454549631142
zp08,nursery,male,1,20,0,R,1,4,0,0,7,0,3,0,0,0,0,0,0,1,0,1,0,0,0,0,0,0,0.832967339448004
zp08,nursery,male,1,21,0,R,1,4,0,0,8,0,3,1,0,0,0,0,0,0,0,0,0,0,0,0,0,0,0.848868127567579
zp08,nursery,male,1,22,1,L,0,4,0,0,12,0,2,0,0,0,0,0,0,0,0,0,1,0,0,0,0,0,0.668575699251934
zp08,nursery,male,1,23,0,L,1,4,0,0,30,2,1,1,0,0,0,0,0,0,0,0,1,0,0,0,0,0,0.710260539862583
zp08,nursery,male,1,24,0,L,1,4,0,0,17,0,1,1,0,0,0,0,0,0,0,0,1,0,0,0,0,0,0.807909651861832
zp08,nursery,male,1,25,NaN,,NaN,NaN,0,NaN,NaN,NaN,NaN,NaN,0,0,0,0,0,0,0,0,0,0,0,0,0,0,0.333333329239862
zp08,nursery,male,2,1,0,R,0,3,0,0,NaN,0,1,1,0,0,0,0,0,0,0,0,0,0,0,0,0,0,0.5
zp08,nursery,male,2,2,0,R,1,3,0,0,11,4,1,1,0,0,0,0,0,0,0,0,0,0,0,0,0,0,0.70454549631153
zp08,nursery,male,2,3,0,R,0,3,0,0,12,0,1,1,0,0,0,0,0,0,0,0,1,0,0,0,0,0,0.474336497176661
zp08,nursery,male,2,4,0,R,0,4,0,0,8,6,2,0,1,0,0,0,0,0,0,1,0,0,0,0,0,0,0.596493950683418
zp08,nursery,male,2,5,0,R,0,1,0,0,7,1,1,1,0,0,0,0,0,0,0,1,0,0,0,0,0,0,0.649332969716948
zp08,nursery,male,2,6,0,R,1,1,0,0,7,1,2,1,0,0,0,0,0,0,0,1,0,0,0,0,0,0,0.726461557662995
zp08,nursery,male,2,7,0,R,1,1,0,0,8,1,1,1,1,0,0,0,0,0,0,0,1,0,0,0,0,0,0.887822200725875
zp08,nursery,male,2,8,1,L,1,1,0,0,8,0,1,1,0,0,0,0,0,0,0,1,0,0,0,0,0,0,0.704545496311748
zp08,nursery,male,2,9,0,L,1,1,0,0,7,0,1,1,0,0,0,0,0,0,0,1,0,0,0,0,0,0,0.902483864191949
zp08,nursery,male,2,10,0,L,1,1,0,0,8,0,1,1,0,0,0,0,0,0,0,0,0,0,0,0,0,0,0.935586822998662
zp08,nursery,male,2,11,1,R,1,1,0,0,8,0,2,1,0,0,0,0,0,0,0,1,0,0,0,0,0,0,0.704545496311748
zp08,nursery,male,2,12,0,R,0,2,0,0,10,0,1,1,1,0,0,0,0,0,0,0,0,0,0,0,0,0,0.456892269243882
zp08,nursery,male,2,13,0,R,0,2,0,0,7,0,1,1,0,0,0,0,0,0,0,1,0,0,0,0,0,0,0.634103394534274
zp08,nursery,male,2,14,0,R,0,1,0,0,10,0,1,1,0,0,0,0,0,0,0,0,1,0,0,0,0,0,0.60777534606081
zp08,nursery,male,2,15,0,R,1,1,0,0,8,0,3,1,0,0,0,0,0,0,0,1,0,0,0,0,0,0,0.726461557662995
zp08,nursery,male,2,16,0,R,0,1,0,0,10,0,1,1,0,0,0,0,0,0,0,0,1,0,0,0,0,0,0.445988264561278
zp08,nursery,male,2,17,0,R,1,1,0,0,5,0,3,1,0,0,0,0,0,0,0,1,0,0,0,0,0,0,0.726461557662995
zp08,nursery,male,2,18,0,R,1,1,0,0,8,0,3,1,0,0,0,0,0,0,0,0,0,0,0,0,0,0,0.887822200725875
zp08,nursery,male,2,19,1,L,0,1,0,0,6,0,3,1,0,0,0,0,0,0,0,1,0,0,0,0,0,0,0.692864651952532
zp08,nursery,male,2,20,0,L,0,1,0,0,11,0,2,1,0,0,0,0,0,0,0,1,0,0,0,0,0,0,0.596493950683418
zp08,nursery,male,2,21,0,L,1,1,0,0,9,0,1,1,0,0,0,0,0,0,0,1,0,0,0,0,0,0,0.704545496311748
zp08,nursery,male,2,22,0,L,1,1,0,0,7,0,1,1,0,0,0,0,0,0,0,0,0,0,0,0,0,0,0.902483864191949
zp08,nursery,male,2,23,1,R,1,1,0,0,15,0,3,1,0,0,0,0,0,0,0,0,1,0,0,0,0,0,0.717442535587344
zp08,nursery,male,2,24,0,R,1,1,0,0,15,0,3,1,0,0,0,0,0,0,0,1,0,0,0,0,0,0,0.843544797345224
zp08,nursery,male,2,25,0,R,1,1,0,0,6,0,3,1,0,0,0,0,0,0,0,1,0,0,0,0,0,0,0.940141698425257
zp11,mother,male,1,1,0,R,1,3,1,0,NaN,0,2,1,0,0,0,0,0,0,0,0,0,0,0,0,0,0,0.500000005255186
zp11,mother,male,1,2,0,R,1,3,1,0,6,0,3,1,0,0,0,0,0,0,0,0,0,0,0,0,0,0,0.73199772601364
zp11,mother,male,1,3,1,L,1,3,1,0,8,0,2,1,0,0,0,0,0,0,0,0,0,0,0,0,0,0,0.648936859092113
zp11,mother,male,1,4,0,L,1,3,1,0,7,0,2,1,0,0,0,0,0,1,0,0,0,0,0,0,0,0,0.728594750488032
zp11,mother,male,1,5,0,L,1,3,1,0,7,0,2,1,0,0,0,0,0,0,0,0,0,0,0,0,0,0,0.621750921101622
zp11,mother,male,1,6,1,R,1,3,1,0,65,0,3,1,0,0,0,0,0,0,0,0,0,0,1,0,0,0,NaN
zp11,mother,male,1,7,0,R,1,4,1,0,13,0,3,1,0,0,0,0,0,1,0,0,0,0,0,0,0,0,0.72079297596636
zp11,mother,male,1,8,0,R,1,4,1,0,8,0,3,1,0,0,0,0,0,0,0,0,0,0,0,0,0,0,0.606060607149896
zp11,mother,male,1,9,1,L,1,3,1,0,6,1,3,1,0,0,0,0,0,0,0,0,0,0,0,0,0,0,0.649039444045765
zp11,mother,male,1,10,0,L,1,3,1,0,7,0,2,1,0,0,0,0,0,0,0,0,0,0,0,0,0,0,0.72887747244663
zp11,mother,male,1,11,0,L,0,3,1,0,8,0,2,1,0,0,0,0,0,0,0,0,0,0,0,0,0,0,0.648836715870895
zp11,mother,male,1,12,0,L,1,4,1,0,5,0,2,1,0,0,0,0,0,0,0,0,0,0,1,0,0,0,0.50161699860343
zp11,mother,male,1,13,0,L,1,4,1,0,9,0,1,1,0,0,0,0,0,0,0,0,0,0,0,0,0,0,0.728880747226436
zp11,mother,male,1,14,1,R,1,4,1,0,9,0,3,1,0,0,0,0,0,0,0,0,0,0,0,0,0,0,0.648135691272327
zp11,mother,male,1,15,0,R,1,4,1,0,16,0,3,1,0,0,0,0,0,0,0,0,0,0,0,0,0,0,0.728329605391933
zp11,mother,male,1,16,0,R,1,4,1,0,7,1,3,1,1,0,0,0,0,0,0,0,0,0,1,0,0,0,0.606060607149896
zp11,mother,male,1,17,1,L,1,5,1,0,10,0,2,1,0,0,0,0,0,0,0,0,0,0,0,0,0,0,0.647933898686846
zp11,mother,male,1,18,0,L,1,5,1,0,8,0,2,1,0,0,0,0,0,0,0,0,0,0,0,0,0,0,0.728036712740217
zp11,mother,male,1,19,0,L,0,5,1,0,10,0,3,1,0,0,0,0,0,0,0,1,0,0,0,0,0,0,0.647735223608749
zp11,mother,male,1,20,0,L,0,5,1,0,5,0,2,1,0,0,0,0,0,0,0,0,0,0,1,0,0,0,0.615497526974597
zp11,mother,male,1,21,0,L,1,3,1,0,9,1,2,1,0,0,0,0,0,0,0,0,0,0,1,0,0,0,0.785348443591475
zp11,mother,male,1,22,0,L,1,3,1,0,9,0,2,1,0,0,0,0,0,0,0,0,0,0,1,0,0,0,0.728456687650912
zp11,mother,male,1,23,1,R,1,4,1,0,10,0,3,1,0,0,0,0,0,0,0,0,0,0,0,0,0,0,0.648034728990373
zp11,mother,male,1,24,0,R,0,3,1,0,8,0,3,1,0,0,0,0,0,0,0,0,0,0,0,0,0,0,0.50132137493773
zp11,mother,male,1,25,0,R,0,3,1,0,6,1,3,1,1,0,0,0,0,0,0,0,0,0,0,0,0,0,0.64598037974927
zp11,mother,male,2,1,0,L,1,4,1,0,NaN,0,1,1,0,0,0,0,0,0,0,0,0,0,0,0,0,0,0.500000000000241
zp11,mother,male,2,2,0,L,1,3,1,0,6,0,1,1,0,0,0,0,0,0,0,0,0,0,0,0,0,0,0.73199772601364
zp11,mother,male,2,3,1,R,1,3,1,0,7,1,1,1,0,0,0,0,0,0,0,0,0,0,0,0,0,0,0.649138390610882
zp11,mother,male,2,4,0,R,1,3,1,0,8,0,1,1,0,0,0,0,0,0,0,0,0,0,0,0,0,0,0.728737311022548
zp11,mother,male,2,5,0,R,1,3,1,0,178,0,1,1,0,0,0,0,0,0,0,0,0,0,1,0,0,0,NaN
zp11,mother,male,2,6,1,L,0,3,1,0,8,1,1,1,0,0,0,1,0,0,0,0,0,0,0,0,0,0,0.606060607149896
zp11,mother,male,2,7,0,L,0,3,1,0,6,1,1,1,0,0,0,0,0,0,0,0,0,0,1,0,0,0,0.645980379749269
zp11,mother,male,2,8,0,L,0,3,1,0,10,0,1,1,1,0,0,0,0,0,0,0,0,0,0,0,0,0,0.580676969056592
zp11,mother,male,2,9,0,L,1,1,1,0,12,0,1,1,0,0,0,0,0,0,0,0,0,0,1,0,0,0,0.99998739972645
zp11,mother,male,2,10,0,L,1,1,1,0,7,1,1,1,0,0,0,0,0,0,0,0,0,0,0,0,0,0,0.999982863715846
zp11,mother,male,2,11,1,R,1,1,1,0,7,0,2,1,0,0,0,0,0,0,0,0,0,0,0,0,0,0,0.999975515459577
zp11,mother,male,2,12,0,R,1,1,1,0,10,0,2,1,0,0,0,0,0,0,0,0,0,0,0,0,0,0,0.99998292522195
zp11,mother,male,2,13,0,R,1,1,1,0,8,0,2,1,0,0,0,0,0,0,0,0,0,0,0,0,0,0,0.99996716637511
zp11,mother,male,2,14,1,L,1,1,1,0,9,0,2,1,0,0,0,0,0,0,0,0,0,0,0,0,0,0,0.999975461159338
zp11,mother,male,2,15,0,L,1,2,1,0,10,0,1,1,0,0,0,0,0,0,0,0,0,0,0,0,0,0,0.728913371173989
zp11,mother,male,2,16,0,L,0,2,1,0,6,1,1,1,0,0,0,0,0,0,0,0,0,0,0,0,0,0,0.649137682091481
zp11,mother,male,2,17,0,L,0,2,1,0,35,0,1,1,0,0,0,0,0,0,0,0,0,0,1,0,0,0,0.580566421587772
zp11,mother,male,2,18,0,L,1,3,1,0,17,0,1,1,0,0,0,0,0,0,0,0,0,0,1,0,0,0,0.780208440821482
zp11,mother,male,2,19,0,L,1,1,1,0,10,0,1,1,0,0,0,0,0,0,0,0,0,0,0,0,0,0,0.999982778884972
zp11,mother,male,2,20,1,R,1,1,1,0,14,0,3,1,0,0,0,0,0,0,0,0,0,0,1,0,0,0,0.999975331148677
zp11,mother,male,2,21,0,R,1,1,1,0,10,0,1,1,0,0,0,0,0,0,0,0,0,0,1,0,0,0,0.999982839774604
zp11,mother,male,2,22,0,R,1,1,1,0,9,0,2,1,0,0,0,0,0,0,0,0,0,0,0,0,0,0,0.999967166375
zp11,mother,male,2,23,1,L,1,1,1,0,13,1,2,1,0,0,0,0,0,0,0,0,0,0,0,0,0,0,0.999975363575492
zp11,mother,male,2,24,0,L,1,1,1,0,7,0,2,1,0,0,0,0,0,0,0,0,0,0,0,0,0,0,0.999982851477813
zp11,mother,male,2,25,0,L,1,1,1,0,7,0,1,1,0,0,0,0,0,0,0,0,0,0,0,0,0,0,0.99996716637522
zp12,nursery,female,1,1,0,L,1,3,0,1,NaN,1,3,1,0,0,0,0,0,0,0,0,0,0,0,0,0,0,0.545454529981418
zp12,nursery,female,1,2,0,L,1,3,0,0,9,0,1,1,0,0,0,0,0,0,0,0,0,0,0,0,0,0,0.659793983932812
zp12,nursery,female,1,3,1,R,1,3,0,0,15,0,3,1,0,0,0,0,0,0,0,0,0,0,0,1,0,0,0.545454529981419
zp12,nursery,female,1,4,0,R,1,3,0,1,21,9,3,0,0,0,0,0,0,0,0,0,0,0,0,0,0,0,0.556908298440466
zp12,nursery,female,1,5,0,R,1,3,0,0,12,0,2,1,0,0,0,0,0,0,0,0,0,0,0,0,0,0,0.595501481133134
zp12,nursery,female,1,6,1,L,1,3,0,0,11,2,1,0,0,0,0,0,0,0,0,0,0,0,0,0,0,0,0.545454529981418
zp12,nursery,female,1,7,0,L,1,5,0,0,59,0,2,1,0,0,0,0,0,1,0,0,0,0,0,0,0,0,0.5569344717291
zp12,nursery,female,1,8,0,L,1,4,0,0,20,0,2,1,0,0,0,0,0,0,0,0,0,0,0,0,0,0,0.598242195233432
zp12,nursery,female,1,9,1,R,1,4,0,0,22,2,3,0,0,0,0,0,0,0,0,0,0,0,0,0,0,0,0.545454529981371
zp12,nursery,female,1,10,0,R,0,5,1,0,22,3,1,0,0,0,0,0,0,0,0,0,0,0,0,1,1,0,0.500002144586779
zp12,nursery,female,1,11,0,R,0,5,1,0,15,3,3,0,0,0,0,0,0,0,0,0,0,0,0,0,0,0,0.5
zp12,nursery,female,1,12,0,R,1,3,1,0,26,2,3,0,0,0,0,0,0,0,0,0,0,0,0,0,0,0,0.545454529981419
zp12,nursery,female,1,13,0,R,1,3,1,0,33,1,3,0,0,0,0,0,0,0,0,0,0,0,0,0,0,0,0.556934421085647
zp12,nursery,female,1,14,1,L,0,3,1,0,14,1,3,0,0,0,0,0,0,0,0,0,0,0,0,0,0,0,0.59729190965406
zp12,nursery,female,1,15,0,L,0,2,1,0,16,4,1,0,0,0,0,0,0,0,0,0,0,0,0,0,0,0,0.573577224577744
zp12,nursery,female,1,16,0,L,0,2,1,0,13,7,3,0,0,0,0,0,0,0,0,0,0,0,0,0,0,0,0.55546149355028
zp12,nursery,female,1,17,0,L,1,1,1,0,10,2,3,0,0,0,0,0,0,0,0,0,0,0,0,0,0,0,0.545454529981514
zp12,nursery,female,1,18,0,L,1,1,1,0,8,0,1,1,1,0,0,0,0,0,0,0,0,0,0,0,0,0,0.576181623627513
zp12,nursery,female,1,19,1,R,0,1,1,0,11,2,3,0,0,0,0,0,0,0,0,0,0,0,0,0,0,0,0.58505604180898
zp12,nursery,female,1,20,0,R,0,1,1,0,10,2,3,0,0,0,0,0,0,0,0,0,0,0,0,0,0,0,0.551919354388908
zp12,nursery,female,1,21,0,R,0,1,1,2,70,1,1,0,0,0,0,0,0,0,0,0,0,0,1,1,1,0,NaN
zp12,nursery,female,1,22,0,R,1,1,1,0,6,10,1,0,0,0,0,0,0,0,0,0,0,0,0,0,0,0,0.65034240282628
zp12,nursery,female,1,23,0,R,1,1,1,2,72,2,3,0,0,0,0,0,0,0,0,0,0,0,0,0,0,0,NaN
zp12,nursery,female,1,24,1,L,0,1,1,0,13,2,3,0,0,0,0,0,0,0,0,0,0,0,0,0,0,0,0.593608372018962
zp12,nursery,female,1,25,0,L,1,1,1,2,54,1,1,1,0,0,0,0,0,0,0,0,0,0,0,0,0,0,0.545454529981514
zp12,nursery,female,2,1,0,R,1,3,1,0,NaN,1,3,0,0,0,0,0,0,0,0,0,0,0,0,0,0,0,0.545454529981419
zp12,nursery,female,2,2,0,R,1,3,1,0,13,1,3,0,0,0,0,0,0,0,0,0,0,0,0,0,0,0,0.659793983932811
zp12,nursery,female,2,3,1,L,0,3,1,0,12,8,3,0,0,0,0,0,0,0,0,0,0,0,0,0,0,0,0.664207636481747
zp12,nursery,female,2,4,0,L,0,3,1,0,15,1,3,0,0,0,0,0,0,0,0,0,0,0,0,0,0,0,0.659363145495919
zp12,nursery,female,2,5,0,L,0,3,1,0,7,8,3,0,0,0,0,0,0,0,0,0,0,0,0,0,0,0,0.654640415620493
zp12,nursery,female,2,6,0,L,0,1,1,0,12,1,3,1,1,0,0,0,0,0,0,0,0,0,0,0,0,0,0.650038275293622
zp12,nursery,female,2,7,0,L,1,1,1,0,4,2,3,1,0,0,0,0,1,0,0,0,0,0,0,1,0,0,0.870269917852419
zp12,nursery,female,2,8,0,L,0,1,1,0,21,1,3,0,0,0,0,0,0,0,0,0,0,0,0,0,0,0,0.50003504797129
zp12,nursery,female,2,9,0,L,1,1,1,0,6,0,1,1,0,0,0,0,0,0,0,0,0,0,0,1,0,1,0.677077086810863
zp12,nursery,female,2,10,0,L,0,1,1,0,14,0,3,1,0,0,0,0,0,0,0,0,0,0,0,0,0,0,0.50175108841461
zp12,nursery,female,2,11,0,L,1,1,1,0,4,0,2,1,0,0,0,0,0,0,0,0,0,0,0,1,0,0,0.890665210682979
zp12,nursery,female,2,12,0,L,0,1,1,0,9,0,3,1,0,0,0,0,0,0,0,0,0,0,0,0,0,0,0.528586122583065
zp12,nursery,female,2,13,0,L,1,1,1,0,8,1,3,0,0,0,0,0,0,0,0,0,0,0,0,0,0,0,0.565057077609413
zp12,nursery,female,2,14,0,L,0,1,1,0,37,1,3,0,0,0,0,0,0,0,0,0,0,0,0,1,0,0,0.500000004592416
zp12,nursery,female,2,15,0,L,1,1,1,0,23,1,3,1,0,0,0,0,0,0,0,0,0,0,0,0,0,0,0.559173799150277
zp12,nursery,female,2,16,0,L,1,1,1,0,28,0,2,1,0,0,0,0,0,0,0,0,0,0,0,1,0,0,0.576181623627513
zp12,nursery,female,2,17,1,R,1,1,1,0,17,0,3,0,0,0,0,0,0,0,0,0,0,0,0,0,0,0,0.545454529981514
zp12,nursery,female,2,18,0,R,1,1,1,0,7,0,3,1,1,0,0,0,0,0,0,0,0,0,0,0,0,0,0.576181623627513
zp12,nursery,female,2,19,0,R,0,1,1,0,8,1,1,0,0,0,0,0,0,0,0,0,0,0,0,0,0,0,0.550682637063984
zp12,nursery,female,2,20,0,R,1,1,1,0,4,0,3,1,0,0,0,0,0,0,0,0,0,0,0,1,0,0,0.891115318975716
zp12,nursery,female,2,21,0,R,1,1,1,0,8,0,3,1,0,0,0,0,0,0,0,0,0,0,0,0,0,0,0.576181623627513
zp12,nursery,female,2,22,1,L,0,1,1,0,7,0,3,1,0,0,0,0,0,0,0,0,0,0,0,0,0,0,0.520038007725672
zp12,nursery,female,2,23,0,L,0,1,1,0,6,0,3,1,0,0,0,0,0,0,0,0,0,0,0,1,1,0,0.519402814249901
zp12,nursery,female,2,24,0,L,1,1,1,0,4,0,2,1,0,0,0,0,0,0,0,0,0,0,0,0,0,0,0.879116790816322
zp12,nursery,female,2,25,0,L,0,1,1,0,13,1,3,0,0,0,0,0,0,0,0,0,0,0,0,0,0,0,0.503061739760693
zp13,nursery,female,1,1,0,L,1,1,0,4,NaN,0,1,1,0,0,0,1,0,0,0,0,0,0,0,0,0,0,0.556005886141151
zp13,nursery,female,1,2,0,L,0,1,0,1,31,3,3,0,1,0,0,1,0,0,0,1,0,0,1,0,0,0,0.499999999999998
zp13,nursery,female,1,3,0,L,1,1,0,1,44,0,1,1,0,0,0,0,0,0,0,0,0,0,1,0,0,0,0.7642622354796
zp13,nursery,female,1,4,0,L,1,1,0,0,6,0,1,1,0,0,0,0,0,0,0,0,0,0,0,0,0,0,0.935058634995089
zp13,nursery,female,1,5,1,R,1,1,0,0,7,0,2,1,0,0,0,0,0,0,0,0,0,0,0,0,0,0,0.500000000000002
zp13,nursery,female,1,6,0,R,1,1,0,0,7,0,2,1,0,0,0,0,0,0,0,1,0,0,0,0,0,0,0.910504775832951
zp13,nursery,female,1,7,0,R,1,1,0,0,10,0,3,1,0,0,0,0,0,0,0,1,0,0,1,0,0,0,0.966904629454368
zp13,nursery,female,1,8,1,L,1,1,0,0,7,0,1,1,0,0,0,0,0,0,0,1,0,0,0,0,0,0,0.500000000000002
zp13,nursery,female,1,9,0,L,0,2,0,0,14,2,3,0,1,0,0,1,0,0,0,0,0,0,1,0,0,0,0.5
zp13,nursery,female,1,10,0,L,1,2,0,2,31,1,2,0,1,0,0,1,0,0,0,0,0,0,1,0,0,0,0.500002553378034
zp13,nursery,female,1,11,0,L,0,2,0,1,74,2,3,0,1,0,0,1,0,0,0,1,0,0,1,0,0,0,NaN
zp13,nursery,female,1,12,0,L,0,2,0,0,6,6,3,0,1,0,0,0,0,0,0,1,0,0,1,1,0,0,0.870962396282301
zp13,nursery,female,1,13,0,L,1,1,0,0,13,2,3,0,0,0,0,1,0,0,0,1,0,0,1,0,0,0,0.556005886141151
zp13,nursery,female,1,14,0,L,0,1,0,0,21,1,1,1,0,0,0,1,0,0,0,0,0,0,1,0,0,0,0.499999999999998
zp13,nursery,female,1,15,0,L,0,1,0,0,5,0,1,1,0,0,0,1,0,0,0,1,0,0,1,0,0,0,0.927865623847071
zp13,nursery,female,1,16,0,L,0,1,0,0,5,0,3,0,0,0,0,1,0,0,0,0,0,0,1,1,0,0,0.971234655095613
zp13,nursery,female,1,17,0,L,1,1,0,1,50,2,1,1,0,0,0,1,1,0,0,1,0,0,1,0,0,0,0.603020218713958
zp13,nursery,female,1,18,0,L,0,1,0,1,31,4,3,1,0,0,0,1,0,0,0,1,0,0,1,1,0,0,0.499999999999998
zp13,nursery,female,1,19,0,L,1,1,0,0,9,0,1,1,0,0,0,0,0,0,0,1,0,0,1,1,0,0,0.763882251613108
zp13,nursery,female,1,20,0,L,1,1,0,0,9,0,1,1,0,0,0,0,0,0,0,1,0,0,0,0,0,0,0.855364861508467
zp13,nursery,female,1,21,1,R,1,1,0,0,16,0,2,1,0,0,0,0,0,0,0,0,0,0,1,1,0,0,0.500000000000002
zp13,nursery,female,1,22,0,R,1,1,0,0,8,0,1,1,0,0,0,0,0,0,0,1,0,0,0,0,0,0,0.883495073011871
zp13,nursery,female,1,23,0,R,1,1,0,1,21,0,1,1,0,0,0,0,0,0,0,0,0,0,1,1,0,0,0.965791553438203
zp13,nursery,female,1,24,1,L,0,1,0,0,8,0,2,1,0,0,0,0,0,0,0,1,0,0,1,0,0,0,0.809734415363224
zp13,nursery,female,1,25,0,L,0,1,0,0,13,0,2,0,1,0,0,1,0,0,0,1,0,0,1,1,0,0,0.753107566160429
zp13,nursery,female,2,1,0,R,1,3,1,0,NaN,5,1,0,0,0,0,1,0,1,0,0,0,0,0,0,0,0,0.500000000115923
zp13,nursery,female,2,2,0,R,1,3,1,0,11,4,1,0,1,0,0,0,0,0,0,1,0,0,1,0,0,0,0.942743656712286
zp13,nursery,female,2,3,1,L,0,3,1,0,8,2,3,0,1,0,0,1,0,0,0,1,0,0,0,0,0,0,0.953559055850321
zp13,nursery,female,2,4,0,L,0,3,1,0,4,1,3,0,1,0,0,1,0,0,0,1,0,0,0,0,0,0,0.938980518176711
zp13,nursery,female,2,5,0,L,0,3,1,0,9,1,1,0,0,0,0,0,0,1,0,1,0,0,1,0,0,0,0.922206375439925
zp13,nursery,female,2,6,0,L,0,1,1,0,13,2,3,0,0,0,0,1,0,0,0,1,0,0,1,0,0,0,0.882025163662121
zp13,nursery,female,2,7,0,L,0,1,1,0,7,0,1,1,0,0,0,0,0,0,0,1,0,0,1,0,0,0,0.857939357009057
zp13,nursery,female,2,8,0,L,0,1,1,0,9,0,2,1,0,0,0,0,0,0,0,1,0,0,1,0,0,0,0.832741517099604
zp13,nursery,female,2,9,0,L,0,1,1,0,10,0,3,1,1,0,0,0,0,0,0,1,0,0,1,0,0,0,0.808385405832217
zp13,nursery,female,2,10,0,L,0,1,1,0,9,0,3,1,0,0,0,0,0,0,0,0,0,0,1,1,0,0,0.785011054955489
zp13,nursery,female,2,11,0,L,0,1,1,0,8,1,1,1,0,0,0,0,0,0,0,0,0,0,1,0,0,0,0.809734415363224
zp13,nursery,female,2,12,0,L,0,1,1,1,33,7,3,0,0,0,0,0,0,0,0,0,0,0,0,0,0,0,0.740439192492932
zp13,nursery,female,2,13,0,L,0,1,1,0,8,0,3,1,0,0,0,0,0,0,0,1,0,0,1,0,0,0,0.809734415363224
zp13,nursery,female,2,14,0,L,1,1,1,1,25,10,1,1,1,0,0,1,0,0,0,0,0,0,1,0,0,0,0.57834592823415
zp13,nursery,female,2,15,0,L,1,1,1,0,9,6,3,0,0,0,0,1,0,0,0,0,0,0,0,0,0,0,0.855364861508467
zp13,nursery,female,2,16,1,R,1,1,1,0,7,0,3,0,0,0,0,0,0,0,0,1,0,0,0,0,0,0,0.500000000000002
zp13,nursery,female,2,17,0,R,1,1,1,0,7,1,3,1,0,0,0,0,0,0,0,0,0,0,0,0,0,0,0.910504775832951
zp13,nursery,female,2,18,0,R,1,1,1,0,7,0,3,1,0,0,0,0,0,0,0,1,0,0,1,0,0,0,0.967192123063758
zp13,nursery,female,2,19,1,L,0,1,1,0,9,2,3,1,1,0,0,1,0,0,0,1,0,0,0,0,0,0,0.775500993525902
zp13,nursery,female,2,20,0,L,0,1,1,0,3,0,1,1,0,0,0,0,0,0,0,0,0,0,0,0,0,0,0.991935017097144
zp13,nursery,female,2,21,0,L,0,1,1,0,37,1,1,1,0,0,0,0,0,0,0,1,0,0,1,0,0,0,0.731717296829426
zp13,nursery,female,2,22,0,L,0,1,1,0,26,0,3,1,0,0,0,0,0,0,0,1,0,0,1,0,0,0,0.71149964934342
zp13,nursery,female,2,23,0,L,0,1,1,0,50,1,3,0,0,0,0,0,0,0,0,0,1,0,1,0,0,0,0.692558045339697
zp13,nursery,female,2,24,0,L,NaN,NaN,NaN,NaN,NaN,NaN,NaN,NaN,0,0,0,0,0,0,0,0,0,0,0,0,0,0,0.325058518722369
zp13,nursery,female,2,25,NaN,,NaN,NaN,NaN,NaN,NaN,NaN,NaN,NaN,0,0,0,0,0,0,0,0,0,0,0,0,0,0,0.38755752674338
zp18,mother,female,1,1,0,R,1,3,1,0,NaN,0,3,1,0,0,0,0,0,0,0,0,0,0,0,0,0,0,0.730436498875684
zp18,mother,female,1,2,0,R,1,4,1,0,7,0,3,1,0,0,0,0,0,0,0,0,0,0,0,0,0,0,0.578039206428362
zp18,mother,female,1,3,1,L,0,3,1,0,8,0,1,1,0,0,0,0,0,0,0,0,0,0,0,0,0,0,0.555555530641625
zp18,mother,female,1,4,0,L,1,3,1,3,100,1,3,1,0,0,0,0,0,0,0,0,0,0,1,0,0,0,NaN
zp18,mother,female,1,5,0,L,1,3,1,0,10,0,1,1,0,0,0,0,0,0,0,1,0,0,1,0,0,0,0.742670488972048
zp18,mother,female,1,6,1,R,0,3,1,1,35,1,3,0,1,0,0,0,0,0,0,1,0,0,0,0,0,0,0.5807275633719
zp18,mother,female,1,7,0,R,1,3,1,1,70,3,3,1,0,0,0,0,0,0,0,1,0,0,0,0,0,0,NaN
zp18,mother,female,1,8,0,R,1,3,1,0,8,0,3,1,0,0,0,0,0,0,0,1,0,0,0,0,0,0,0.730436498875684
zp18,mother,female,1,9,1,L,0,3,1,0,9,0,1,1,0,0,0,0,0,0,0,0,0,0,0,0,0,0,0.555555530641625
zp18,mother,female,1,10,0,L,0,4,1,1,35,4,3,0,0,0,0,1,0,0,0,0,0,0,0,0,0,0,0.500001245433322
zp18,mother,female,1,11,0,L,1,3,1,0,3,2,3,0,1,0,0,0,0,0,0,0,0,0,0,0,0,0,0.904238099623259
zp18,mother,female,1,12,0,L,1,3,1,0,11,1,3,0,0,0,0,1,0,0,0,0,0,0,0,0,0,0,0.749517142283045
zp18,mother,female,1,13,1,R,1,3,1,0,7,0,3,1,0,0,0,0,0,0,0,0,0,0,0,0,0,0,0.769063014797587
zp18,mother,female,1,14,0,R,0,3,1,0,7,1,1,1,1,0,0,0,0,0,0,1,0,0,0,0,0,0,0.540339753563261
zp18,mother,female,1,15,0,R,1,4,1,0,8,1,1,1,1,0,0,0,0,0,0,0,0,0,0,0,0,0,0.606614376491539
zp18,mother,female,1,16,0,R,1,3,1,0,7,0,3,1,0,0,0,0,0,0,0,1,0,0,0,0,0,0,0.730436498875684
zp18,mother,female,1,17,1,L,1,3,1,0,7,0,3,1,0,0,0,0,0,0,0,0,0,0,0,0,0,0,0.769063014797587
zp18,mother,female,1,18,0,L,1,4,1,0,79,2,3,0,0,0,0,0,0,0,0,0,0,0,0,0,0,0,NaN
zp18,mother,female,1,19,0,L,0,4,1,0,52,1,3,1,1,0,0,0,0,0,0,0,0,0,0,0,0,0,0.649998674565112
zp18,mother,female,1,20,0,L,1,4,1,1,118,2,3,0,0,0,0,0,0,0,0,0,0,0,1,0,0,0,NaN
zp18,mother,female,1,21,0,L,0,5,1,0,7,2,3,0,0,0,0,0,0,0,0,0,0,0,0,0,0,0,0.51441260592142
zp18,mother,female,1,22,0,L,0,4,1,1,43,1,3,0,0,0,0,0,0,0,0,1,0,0,0,0,0,0,0.5
zp18,mother,female,1,23,0,L,1,3,1,2,82,3,3,0,0,0,0,1,0,0,0,0,0,0,1,0,0,0,NaN
zp18,mother,female,1,24,0,L,1,3,1,0,15,1,3,0,0,0,0,1,0,0,0,0,0,0,0,0,0,0,0.755327395728539
zp18,mother,female,1,25,1,R,1,3,1,0,8,0,3,1,0,0,0,0,0,0,0,0,0,0,0,0,0,0,0.769063014797587
zp18,mother,female,2,1,0,L,1,3,1,0,NaN,0,1,1,0,0,0,0,0,0,0,0,0,0,0,0,0,0,0.730436498875684
zp18,mother,female,2,2,0,L,1,3,1,0,7,0,1,1,0,0,0,0,0,0,0,1,0,0,0,0,0,0,0.730436498875684
zp18,mother,female,2,3,1,R,1,3,1,0,10,0,3,1,0,0,0,0,0,0,0,0,0,0,0,0,0,0,0.997701844230193
zp18,mother,female,2,4,0,R,1,3,1,0,7,0,3,1,0,0,0,0,0,0,0,0,0,0,0,0,0,0,0.730436498875684
zp18,mother,female,2,5,0,R,0,3,1,0,16,1,3,0,1,0,0,0,0,0,0,0,0,0,0,1,0,0,0.649998674592667
zp18,mother,female,2,6,0,R,1,3,1,0,15,0,3,0,0,0,0,0,0,0,0,0,0,0,0,0,0,0,0.730436498875684
zp18,mother,female,2,7,0,R,1,3,1,0,6,0,3,1,0,0,0,0,0,0,0,0,0,0,0,0,0,0,0.730436498875684
zp18,mother,female,2,8,1,L,0,3,1,0,17,0,3,1,0,0,0,0,0,0,0,0,0,0,0,0,0,0,0.579777713118843
zp18,mother,female,2,9,0,L,1,3,1,0,42,0,1,1,0,0,0,0,0,0,0,0,0,0,0,0,0,0,0.76846159180137
zp18,mother,female,2,10,0,L,1,3,1,0,37,0,1,1,0,0,0,0,0,0,0,0,0,0,0,1,0,0,0.757242501671179
zp18,mother,female,2,11,1,R,0,3,1,0,18,2,3,0,1,0,0,0,0,0,0,0,0,0,0,0,0,0,0.580113604745256
zp18,mother,female,2,12,0,R,1,3,1,1,24,0,3,1,0,0,0,0,0,0,0,1,0,0,0,0,0,0,0.76846159180137
zp18,mother,female,2,13,0,R,1,3,1,0,9,0,3,1,0,0,0,0,0,0,0,0,0,0,0,0,0,0,0.735243056175694
zp18,mother,female,2,14,1,L,1,3,1,0,31,1,3,1,1,0,0,0,0,0,0,0,0,0,0,1,0,0,0.769063014797587
zp18,mother,female,2,15,0,L,1,3,1,0,9,0,1,1,0,0,0,0,0,0,0,0,0,0,0,0,0,0,0.735242147432815
zp18,mother,female,2,16,0,L,1,3,1,0,15,2,3,1,0,0,0,0,0,0,0,0,0,0,0,0,0,0,0.755293067973518
zp18,mother,female,2,17,1,R,1,3,1,0,8,0,3,1,0,0,0,0,0,0,0,0,0,0,0,0,0,0,0.79086253653401
zp18,mother,female,2,18,0,R,0,4,1,0,15,5,3,1,0,0,0,0,0,0,0,0,0,0,0,0,0,0,0.500390399231419
zp18,mother,female,2,19,0,R,1,4,1,0,14,0,3,0,0,0,0,0,0,0,0,0,0,0,0,0,0,0,0.582219683742578
zp18,mother,female,2,20,0,R,1,4,1,0,18,1,3,1,0,0,0,0,0,0,0,0,0,0,0,0,0,0,0.626265608955653
zp18,mother,female,2,21,1,L,1,4,1,0,29,0,1,1,0,0,0,0,0,0,0,0,0,0,0,0,0,0,0.649998674585169
zp18,mother,female,2,22,0,L,1,4,1,0,15,0,3,1,1,0,0,0,0,0,0,0,0,0,0,0,0,0,0.625124013254399
zp18,mother,female,2,23,0,L,0,4,1,0,10,2,3,0,0,0,0,0,0,0,0,0,0,0,0,0,0,0,0.649998674592854
zp18,mother,female,2,24,0,L,1,4,1,0,25,8,3,1,0,0,0,0,0,0,0,0,0,0,0,0,0,0,0.579722582228763
zp18,mother,female,2,25,0,L,0,4,1,0,19,5,3,1,0,0,0,0,0,0,0,0,0,0,0,0,0,0,0.500049645318308
zp19,nursery,female,1,1,0,L,1,2,0,0,NaN,3,1,0,1,0,0,1,0,0,0,0,0,0,0,0,0,0,0.500003037159199
zp19,nursery,female,1,2,0,L,1,2,0,0,7,1,3,0,1,0,0,0,0,0,0,1,0,0,0,0,0,0,0.643629523094909
zp19,nursery,female,1,3,1,R,0,2,0,0,6,0,3,0,0,0,0,0,0,0,0,1,0,0,0,0,0,0,0.643620368194156
zp19,nursery,female,1,4,0,R,0,2,0,0,16,1,3,0,1,0,0,1,0,0,0,0,0,0,1,0,0,0,0.643620368192823
zp19,nursery,female,1,5,0,R,1,2,0,0,8,1,3,0,0,0,0,0,0,0,0,1,0,0,0,0,0,0,0.581281785134913
zp19,nursery,female,1,6,0,R,1,3,0,1,26,1,3,0,0,0,0,0,0,0,0,1,0,0,1,0,0,0,0.643624819939211
zp19,nursery,female,1,7,1,L,0,3,0,0,11,2,3,0,1,0,0,1,0,0,0,1,0,0,1,0,0,0,0.643624819537012
zp19,nursery,female,1,8,0,L,0,3,0,4,6,1,3,0,1,0,0,1,0,0,0,1,0,0,1,0,0,0,0.643624819537678
zp19,nursery,female,1,9,0,L,1,1,0,1,475,0,1,1,0,0,0,0,0,0,0,0,0,0,0,0,0,0,NaN
zp19,nursery,female,1,10,0,L,1,1,0,0,14,1,2,1,0,0,0,0,0,0,0,0,0,0,1,0,0,0,0.734701659481619
zp19,nursery,female,1,11,1,R,1,1,0,0,8,0,3,1,0,0,0,0,0,0,0,0,0,0,1,0,0,0,0.634919501526585
zp19,nursery,female,1,12,0,R,1,1,0,0,6,0,3,1,0,0,0,0,0,0,0,1,0,0,0,0,0,0,0.734701659482526
zp19,nursery,female,1,13,0,R,0,1,0,0,10,1,3,1,0,0,0,0,0,0,0,1,0,0,1,0,0,0,0.504549195251934
zp19,nursery,female,1,14,0,R,0,1,0,0,9,0,2,1,0,0,0,0,0,0,0,1,0,0,1,0,0,0,0.622222562009106
zp19,nursery,female,1,15,0,R,1,1,0,0,3,0,3,1,0,0,0,0,0,0,0,0,0,0,0,0,0,0,0.83005481889269
zp19,nursery,female,1,16,0,R,0,1,0,0,13,1,3,1,0,0,0,0,0,0,0,1,0,0,1,0,0,0,0.500020246844168
zp19,nursery,female,1,17,0,R,0,1,0,0,6,0,3,1,0,0,0,0,0,0,0,1,0,0,1,0,0,0,0.622222562009538
zp19,nursery,female,1,18,0,R,1,1,0,0,5,0,2,1,0,0,0,0,0,0,0,1,0,0,0,0,0,0,0.599577399157377
zp19,nursery,female,1,19,0,R,1,1,0,0,26,0,1,1,0,0,0,0,0,0,0,1,0,0,1,0,0,0,0.73470165948026
zp19,nursery,female,1,20,1,L,1,1,0,0,9,0,1,1,0,0,0,0,0,0,0,1,0,0,0,0,0,0,0.634919501526585
zp19,nursery,female,1,21,0,L,1,1,0,0,10,0,1,1,0,0,0,0,0,0,0,1,0,0,1,0,0,0,0.734701659482073
zp19,nursery,female,1,22,0,L,1,1,0,0,11,0,1,1,0,0,0,0,0,0,0,1,0,0,0,0,0,0,0.734701659481959
zp19,nursery,female,1,23,1,R,1,1,0,0,15,0,3,1,0,0,0,0,0,0,0,1,0,0,1,0,0,0,0.657730114008655
zp19,nursery,female,1,24,0,R,1,2,0,0,23,0,3,0,0,0,0,0,0,0,0,0,0,0,0,0,0,0,0.643629441355758
zp19,nursery,female,1,25,0,R,0,2,0,0,17,0,2,0,0,0,0,0,0,0,0,1,0,0,0,0,0,0,0.57096187820137
zp19,nursery,female,2,1,0,R,1,3,1,0,NaN,3,1,0,1,0,0,1,0,0,0,0,0,0,0,0,0,0,0.500000000137887
zp19,nursery,female,2,2,0,R,1,3,1,0,8,1,3,0,1,0,0,1,0,0,0,1,0,0,0,0,0,0,0.643624819941611
zp19,nursery,female,2,3,1,L,0,3,1,0,19,0,1,0,1,0,0,1,0,0,0,1,0,0,0,0,0,0,0.643624819535945
zp19,nursery,female,2,4,0,L,0,3,1,0,30,1,3,0,1,0,0,1,0,0,0,1,0,0,1,0,0,0,0.643624819534478
zp19,nursery,female,2,5,0,L,0,3,1,0,23,0,3,0,1,0,0,1,0,0,0,1,0,0,1,0,0,0,0.643624819535411
zp19,nursery,female,2,6,0,L,0,1,1,0,15,2,1,1,1,0,0,1,0,0,0,1,0,0,1,0,0,0,0.622222562008243
zp19,nursery,female,2,7,0,L,0,1,1,0,17,0,3,1,1,0,0,1,0,0,0,1,0,0,1,0,0,0,0.622222562007955
zp19,nursery,female,2,8,0,L,0,1,1,0,34,0,3,0,1,0,0,0,0,0,0,1,0,0,1,0,0,0,0.622222562005508
zp19,nursery,female,2,9,0,L,1,1,1,0,11,0,3,0,0,0,0,0,0,0,0,1,0,0,1,0,0,0,0.597707969382826
zp19,nursery,female,2,10,0,L,0,1,1,0,17,0,1,0,1,0,0,1,0,0,0,1,0,0,0,0,0,0,0.500000501380005
zp19,nursery,female,2,11,0,L,0,1,1,0,27,0,3,0,0,0,0,0,0,0,0,1,0,0,1,0,0,0,0.622222562006515
zp19,nursery,female,2,12,0,L,0,1,1,0,12,0,3,0,0,0,0,0,0,0,0,1,0,0,0,0,0,0,0.622222562008674
zp19,nursery,female,2,13,0,L,0,1,1,0,26,0,3,1,1,0,0,1,0,0,0,1,0,0,1,0,0,0,0.622222562006659
zp19,nursery,female,2,14,0,L,1,1,1,0,8,0,1,1,0,0,0,0,0,0,0,1,0,0,1,0,0,0,0.566501534484135
zp19,nursery,female,2,15,0,L,0,1,1,0,32,0,3,0,0,0,0,0,0,0,0,1,0,0,1,0,0,0,0.500000000000263
zp19,nursery,female,2,16,0,L,0,1,1,0,12,0,3,1,0,0,0,0,0,0,0,1,0,0,1,0,0,0,0.622222562008674
zp19,nursery,female,2,17,0,L,1,1,1,0,16,0,1,1,0,0,0,0,0,0,0,1,0,0,1,0,0,0,0.566501534484135
zp19,nursery,female,2,18,0,L,1,1,1,0,7,0,2,1,0,0,0,0,0,0,0,0,0,0,1,0,0,0,0.734701659482413
zp19,nursery,female,2,19,1,R,1,1,1,0,9,0,3,1,0,0,0,0,0,0,0,1,0,0,1,0,0,0,0.634919501526585
zp19,nursery,female,2,20,0,R,1,1,1,0,6,0,3,1,0,0,0,0,0,0,0,0,0,0,0,0,0,0,0.734701659482526
zp19,nursery,female,2,21,0,R,1,1,1,0,6,0,3,1,0,0,0,0,0,0,0,1,0,0,0,0,0,0,0.734701659482526
zp19,nursery,female,2,22,1,L,1,1,1,0,8,0,2,1,0,0,0,0,0,0,0,1,0,0,1,0,0,0,0.657730114008655
zp19,nursery,female,2,23,0,L,0,2,1,0,15,0,3,1,0,0,0,1,0,1,0,0,0,0,1,0,0,0,0.539807692016095
zp19,nursery,female,2,24,0,L,0,3,1,0,9,0,3,1,1,0,0,0,0,1,0,1,0,0,0,0,0,0,0.643624819537278
zp19,nursery,female,2,25,0,L,0,1,1,0,9,0,3,1,0,0,0,0,0,0,0,0,0,0,1,0,0,0,0.622222562009106
zp20,mother,female,1,1,0,R,1,3,1,0,NaN,1,3,0,0,0,0,0,0,1,0,0,0,0,0,0,0,0,0.807142659087381
zp20,mother,female,1,2,0,R,1,4,1,0,19,0,3,1,0,0,0,0,0,1,0,1,0,0,0,0,0,0,0.863364092017656
zp20,mother,female,1,3,1,L,1,3,1,0,8,1,3,0,0,0,0,0,0,1,0,1,0,0,0,0,0,0,0.803140011412713
zp20,mother,female,1,4,0,L,1,3,1,0,6,0,2,1,0,0,0,0,0,1,0,1,0,0,0,0,0,0,0.901065825656481
zp20,mother,female,1,5,0,L,1,3,1,0,7,0,2,1,0,0,0,0,0,1,0,1,0,0,0,0,0,0,0.879951701871549
zp20,mother,female,1,6,1,R,1,3,1,0,6,0,3,1,0,0,0,0,0,0,0,1,0,0,0,0,0,0,0.803140011412713
zp20,mother,female,1,7,0,R,1,4,1,0,9,0,3,1,0,0,0,0,0,0,0,1,0,0,0,0,0,0,0.817789565649708
zp20,mother,female,1,8,0,R,1,4,1,0,6,0,3,1,0,0,0,0,0,0,0,1,0,0,0,0,0,0,0.856896694201611
zp20,mother,female,1,9,1,L,1,4,1,0,7,0,2,1,0,0,0,0,0,1,0,1,0,0,0,0,0,0,0.785391371490271
zp20,mother,female,1,10,0,L,1,4,1,0,6,0,2,1,0,0,0,0,0,0,0,1,0,0,0,0,0,0,0.856896694172705
zp20,mother,female,1,11,0,L,1,4,1,0,7,0,2,1,0,0,0,0,0,1,0,0,0,0,0,0,0,0,0.838239909253005
zp20,mother,female,1,12,1,R,1,4,1,0,8,0,3,1,0,0,0,0,0,0,0,1,0,0,0,0,0,0,0.785391371490271
zp20,mother,female,1,13,0,R,1,5,1,0,24,0,3,1,0,0,0,0,0,0,0,0,0,0,0,0,0,0,0.801886745282703
zp20,mother,female,1,14,0,R,1,5,1,0,6,0,3,1,0,0,0,0,0,1,0,0,0,0,0,0,0,0,0.823737239520931
zp20,mother,female,1,15,1,L,1,5,1,0,6,0,3,1,0,0,0,0,0,0,0,0,0,0,0,0,0,0,0.768007574449334
zp20,mother,female,1,16,0,L,0,5,1,0,7,0,3,1,0,0,0,0,0,0,0,0,0,0,0,0,0,0,0.486333440034064
zp20,mother,female,1,17,0,L,0,6,1,0,6,2,3,1,0,0,0,0,0,0,0,1,0,0,0,0,0,0,0.595405637556246
zp20,mother,female,1,18,0,L,1,3,1,0,6,1,3,0,1,0,0,0,0,0,0,1,0,0,0,0,0,0,0.807142659087381
zp20,mother,female,1,19,0,L,1,3,1,0,5,1,3,0,1,0,0,1,0,0,0,1,0,0,0,0,0,0,0.925852463949654
zp20,mother,female,1,20,1,R,1,3,1,0,6,6,3,0,0,0,0,1,0,1,0,1,0,0,0,0,0,0,0.803140011412713
zp20,mother,female,1,21,0,R,1,3,1,0,8,0,3,1,0,0,0,0,0,1,0,1,0,0,0,0,0,0,0.863247630848434
zp20,mother,female,1,22,0,R,1,3,1,0,8,0,3,1,0,0,0,0,0,1,0,1,0,0,0,0,0,0,0.863247630876262
zp20,mother,female,1,23,1,L,0,3,1,0,14,0,3,0,0,0,0,0,0,0,0,1,0,0,0,0,0,0,0.638888853244983
zp20,mother,female,1,24,0,L,1,3,1,0,6,0,1,1,0,0,0,0,0,0,0,1,0,0,0,0,0,0,0.803140011412713
zp20,mother,female,1,25,0,L,1,3,1,0,16,0,2,1,0,0,0,0,0,0,0,1,0,0,0,0,0,0,0.833901438323608
zp20,mother,female,2,1,0,L,1,3,1,0,NaN,1,1,1,1,0,0,0,0,0,0,0,0,0,0,0,0,0,0.807142659087381
zp20,mother,female,2,2,0,L,1,3,1,0,10,0,1,1,1,0,0,0,0,0,0,1,0,0,0,0,0,0,0.876056826052996
zp20,mother,female,2,3,1,R,0,3,1,0,13,1,2,1,1,0,0,0,0,0,0,1,0,0,0,0,0,0,0.638888853244983
zp20,mother,female,2,4,0,R,0,3,1,0,20,0,2,0,1,0,0,0,0,0,0,1,0,0,0,0,0,0,0.551089761225906
zp20,mother,female,2,5,0,R,0,3,1,0,7,4,1,1,1,0,0,0,0,0,0,1,0,0,0,0,0,0,0.606712660441164
zp20,mother,female,2,6,0,R,1,2,1,0,31,0,2,1,0,0,0,0,0,0,0,1,0,0,0,0,0,0,0.851450271680199
zp20,mother,female,2,7,0,R,0,1,1,1,35,0,2,1,0,0,0,0,0,0,0,1,0,0,0,0,0,0,0.499999947479981
zp20,mother,female,2,8,0,R,0,1,1,0,5,0,1,1,0,0,0,0,0,0,0,1,0,0,0,0,0,0,0.777220641757923
zp20,mother,female,2,9,0,R,1,1,1,0,7,0,1,1,0,0,0,0,0,0,0,1,0,0,0,0,0,0,0.843579722249412
zp20,mother,female,2,10,0,R,1,1,1,0,7,0,3,1,0,0,0,0,0,0,0,1,0,0,0,0,0,0,0.953802693296004
zp20,mother,female,2,11,1,L,1,1,1,0,8,0,1,1,0,0,0,0,0,0,0,0,0,0,0,0,0,0,0.839086446590711
zp20,mother,female,2,12,0,L,1,1,1,0,7,0,1,1,0,0,0,0,0,0,0,1,0,0,0,0,0,0,0.953802693296004
zp20,mother,female,2,13,0,L,1,1,1,0,8,0,1,1,0,0,0,0,0,0,0,0,0,0,0,0,0,0,0.937731084381582
zp20,mother,female,2,14,1,R,1,1,1,0,7,0,2,1,0,0,0,0,0,0,0,0,0,0,0,0,0,0,0.839086446590711
zp20,mother,female,2,15,0,R,1,2,1,0,8,0,2,1,0,0,0,0,0,0,0,0,0,0,0,0,0,0,0.902507443295502
zp20,mother,female,2,16,0,R,1,3,1,0,9,1,2,1,0,0,0,0,0,0,0,0,0,0,0,0,0,0,0.852868809165033
zp20,mother,female,2,17,1,L,1,2,1,0,9,0,3,1,0,0,0,0,0,0,0,1,0,0,0,0,0,0,0.821098680456624
zp20,mother,female,2,18,0,L,1,2,1,0,10,0,2,1,1,0,0,0,0,0,0,1,0,0,0,0,0,0,0.877944894084392
zp20,mother,female,2,19,0,L,1,2,1,0,9,3,3,1,1,0,0,0,0,0,0,1,0,0,0,0,0,0,0.888544354644994
zp20,mother,female,2,20,1,R,1,3,1,0,19,1,2,1,1,0,0,0,0,0,0,1,0,0,0,0,0,0,0.818656613541003
zp20,mother,female,2,21,0,R,1,3,1,0,9,0,3,1,0,0,0,0,0,0,0,1,0,1,0,0,0,0,0.850646817619712
zp20,mother,female,2,22,0,R,1,3,1,0,7,0,2,1,0,0,0,0,0,0,0,1,0,0,0,0,0,0,0.879951701871549
zp20,mother,female,2,23,1,L,1,3,1,0,7,1,1,1,1,0,0,0,0,0,0,1,0,0,0,0,0,0,0.803140011412713
zp20,mother,female,2,24,0,L,0,3,1,1,27,1,3,0,1,0,0,0,0,0,0,1,0,0,0,0,0,0,0.499998829520647
zp20,mother,female,2,25,0,L,1,3,1,0,9,0,1,1,0,0,0,0,0,0,0,1,0,0,0,0,0,0,0.807142659087381
zp14,mother,male,1,1,0,L,1,3,1,0,NaN,0,2,1,0,0,0,0,0,0,0,0,0,0,0,0,0,0,0.617268686708611
zp14,mother,male,1,2,0,L,1,3,1,0,9,0,2,1,0,0,0,0,0,0,0,0,0,0,1,0,0,0,0.931483760742922
zp14,mother,male,1,3,1,R,1,3,1,0,18,0,3,1,0,0,0,0,0,0,0,0,0,0,1,0,0,1,0.581625710474444
zp14,mother,male,1,4,0,R,1,3,1,0,7,1,2,1,0,0,0,1,0,0,0,0,0,0,1,0,0,0,0.798507457409737
zp14,mother,male,1,5,0,R,1,3,1,0,7,0,2,1,0,0,0,0,0,0,0,0,0,0,1,0,0,0,0.913225486426912
zp14,mother,male,1,6,1,L,0,3,1,0,12,0,2,1,0,0,0,1,0,0,0,0,0,0,1,0,0,0,0.6802648595092
zp14,mother,male,1,7,0,L,0,3,1,0,4,0,2,1,0,0,0,1,0,0,0,0,0,0,1,0,0,0,0.749741367697605
zp14,mother,male,1,8,0,L,0,3,1,0,8,0,1,1,0,0,0,0,0,0,0,0,0,0,1,0,0,0,0.688693657995161
zp14,mother,male,1,9,0,L,1,1,1,0,11,0,2,1,0,0,0,0,0,0,0,0,0,0,1,0,0,0,0.639238208953461
zp14,mother,male,1,10,0,L,1,1,1,0,4,0,2,1,0,0,0,0,0,0,0,0,0,0,1,0,0,0,0.956853998181999
zp14,mother,male,1,11,1,R,1,1,1,0,16,0,2,1,0,0,0,0,0,0,0,1,0,0,1,0,0,0,0.658613003195955
zp14,mother,male,1,12,0,R,1,1,1,0,6,0,2,1,0,0,0,0,0,0,0,0,0,0,1,0,0,0,0.883451693750206
zp14,mother,male,1,13,0,R,1,1,1,0,7,0,3,1,0,0,0,0,0,0,0,0,0,0,1,0,0,0,0.963858610362669
zp14,mother,male,1,14,1,L,1,1,1,0,9,0,2,1,0,0,0,0,0,0,0,0,0,0,1,0,0,0,0.639238208953461
zp14,mother,male,1,15,0,L,1,2,1,0,12,1,2,1,0,0,0,1,0,0,0,1,0,0,0,0,0,0,0.789705654326927
zp14,mother,male,1,16,0,L,1,2,1,0,6,0,1,1,0,0,0,0,0,0,0,0,0,0,0,0,0,0,0.935197386519656
zp14,mother,male,1,17,1,R,1,2,1,0,11,0,3,1,0,0,0,0,0,0,0,1,0,0,1,0,0,0,0.595754225823813
zp14,mother,male,1,18,0,R,0,2,1,0,7,0,1,1,0,0,0,0,0,0,0,0,0,0,1,0,0,0,0.430781431569691
zp14,mother,male,1,19,0,R,1,2,1,0,6,1,2,1,0,0,0,0,0,0,0,0,0,0,1,0,0,0,0.679000179525525
zp14,mother,male,1,20,0,R,1,2,1,0,9,0,3,1,0,0,0,0,0,0,0,1,0,0,1,0,0,0,0.786194087629045
zp14,mother,male,1,21,1,L,1,2,1,0,10,1,2,1,0,0,0,0,0,0,0,1,0,0,1,0,0,0,0.595754225823813
zp14,mother,male,1,22,0,L,0,3,1,0,9,0,1,1,0,0,0,0,0,0,0,1,0,0,1,0,0,0,0.469938183787881
zp14,mother,male,1,23,0,L,1,3,1,1,24,0,1,1,0,0,0,0,0,0,0,0,0,0,1,0,0,0,0.660596077681525
zp14,mother,male,1,24,0,L,1,3,1,0,11,1,1,1,0,0,0,0,0,0,0,0,0,0,1,0,0,0,0.793184495066516
zp14,mother,male,1,25,1,R,1,3,1,0,11,0,3,1,0,0,0,0,0,0,0,1,0,0,1,0,0,0,0.56534837997034
zp14,mother,male,2,1,0,R,1,3,1,0,NaN,0,3,1,0,0,0,0,0,0,0,0,0,0,0,0,0,0,0.617268686708611
zp14,mother,male,2,2,0,R,1,3,1,0,9,0,1,1,0,0,0,1,0,0,0,0,0,0,1,0,0,0,0.931483760742921
zp14,mother,male,2,3,1,L,0,3,1,0,10,0,1,1,0,0,0,0,0,0,0,0,0,0,1,0,0,0,0.862290925025261
zp14,mother,male,2,4,0,L,0,3,1,0,4,0,3,1,0,0,0,1,0,0,0,0,0,0,1,0,0,0,0.909654473910355
zp14,mother,male,2,5,0,L,0,3,1,0,8,0,2,1,0,0,0,1,0,0,0,0,0,0,1,0,0,0,0.888536665138567
zp14,mother,male,2,6,0,L,0,1,1,0,8,0,2,1,0,0,0,1,0,0,0,0,0,0,1,0,0,0,0.893567845394807
zp14,mother,male,2,7,0,L,0,1,1,0,8,0,2,1,0,0,0,0,0,0,0,0,0,0,1,0,0,0,0.900511740854724
zp14,mother,male,2,8,0,L,1,1,1,0,9,0,1,1,0,0,0,0,0,0,0,0,0,0,1,0,0,0,0.639238208953461
zp14,mother,male,2,9,0,L,1,1,1,0,9,0,1,1,0,0,0,0,0,0,0,0,0,0,1,0,0,0,0.85226167642917
zp14,mother,male,2,10,1,R,1,1,1,0,8,0,3,1,0,0,0,1,0,0,0,0,0,0,1,0,0,0,0.639238208953461
zp14,mother,male,2,11,0,R,1,1,1,0,8,0,2,1,0,0,0,1,0,0,0,0,0,0,1,0,0,0,0.84999613735806
zp14,mother,male,2,12,0,R,1,1,1,0,8,0,3,1,0,0,0,0,0,0,0,0,0,0,1,0,0,0,0.957540760907073
zp14,mother,male,2,13,1,L,0,1,1,0,10,0,3,1,0,0,0,1,0,0,0,0,0,0,1,0,0,0,0.6802648595092
zp14,mother,male,2,14,0,L,0,1,1,0,10,0,3,1,0,0,0,0,0,0,0,0,0,0,1,0,0,0,0.66358405776367
zp14,mother,male,2,15,0,L,0,1,1,0,5,0,2,1,0,0,0,1,0,0,0,0,0,0,1,1,0,0,0.846449540274502
zp14,mother,male,2,16,0,L,0,1,1,0,11,0,2,1,0,0,0,1,0,0,0,1,0,0,1,0,0,0,0.634122209369734
zp14,mother,male,2,17,0,L,1,1,1,0,8,0,2,1,0,0,0,0,0,0,0,0,0,0,1,0,0,0,0.639238208953461
zp14,mother,male,2,18,0,L,0,1,1,0,7,1,2,1,0,0,0,0,0,0,0,0,0,0,1,0,0,0,0.448666659152761
zp14,mother,male,2,19,0,L,1,1,1,0,6,0,2,1,0,0,0,0,0,0,0,0,0,0,1,0,0,0,0.758257489302193
zp14,mother,male,2,20,0,L,1,1,1,0,8,0,2,1,0,0,0,0,0,0,0,1,0,0,1,0,0,0,0.840192594684907
zp14,mother,male,2,21,1,R,0,1,1,0,8,0,2,1,0,0,0,1,0,0,0,0,0,0,0,0,0,0,0.683945808679845
zp14,mother,male,2,22,0,R,0,1,1,0,7,0,2,1,0,0,0,0,0,0,0,0,0,0,1,0,0,0,0.724961460893442
zp14,mother,male,2,23,0,R,1,1,1,0,11,0,3,1,0,0,0,0,0,0,0,0,0,0,0,0,0,0,0.639238208953461
zp14,mother,male,2,24,0,R,0,1,1,0,7,0,2,1,0,0,0,0,0,0,0,0,0,0,1,0,0,0,0.430781431569691
zp14,mother,male,2,25,0,R,1,1,1,0,9,0,3,1,0,0,0,0,0,0,0,0,0,0,1,0,0,0,0.765828649014089
zp15,nursery,male,1,1,0,L,1,3,1,0,NaN,0,2,1,0,0,0,0,0,0,0,0,0,0,0,0,0,0,0.573442326226149
zp15,nursery,male,1,2,0,L,0,3,1,0,9,0,2,1,0,0,0,0,0,0,0,0,0,0,0,0,0,0,0.426557673773851
zp15,nursery,male,1,3,0,L,0,3,1,0,10,0,3,1,0,0,0,0,0,0,0,0,0,0,0,0,0,0,0.590992579285302
zp15,nursery,male,1,4,0,L,1,1,1,0,15,0,2,1,0,0,0,0,0,0,0,0,0,0,0,0,0,0,0.858088591832258
zp15,nursery,male,1,5,0,L,1,1,1,0,8,0,1,1,0,0,0,0,0,0,0,1,0,0,0,0,0,0,0.951352383859473
zp15,nursery,male,1,6,1,R,1,1,1,0,8,0,3,1,0,0,0,0,0,0,0,0,0,0,0,0,0,0,0.847003937601589
zp15,nursery,male,1,7,0,R,1,1,1,0,8,0,3,1,0,0,0,0,0,0,0,0,0,0,0,0,0,0,0.951352383859473
zp15,nursery,male,1,8,0,R,1,1,1,0,8,0,3,1,0,0,0,0,0,0,0,0,0,0,0,0,0,0,0.956880193855079
zp15,nursery,male,1,9,1,L,1,1,1,0,13,1,2,1,0,0,0,0,0,0,0,0,0,0,0,0,0,0,0.847003937601589
zp15,nursery,male,1,10,0,L,0,2,1,0,19,0,3,1,0,0,0,0,0,0,0,0,0,0,0,0,0,0,0.493161170416387
zp15,nursery,male,1,11,0,L,0,2,1,0,4,0,2,1,0,0,0,0,0,0,0,0,0,0,0,0,0,0,0.953009355022638
zp15,nursery,male,1,12,0,L,1,1,1,0,19,0,2,1,0,0,0,0,0,0,0,0,0,0,0,0,0,0,0.858088591832258
zp15,nursery,male,1,13,0,L,1,1,1,0,7,0,2,1,0,0,0,0,0,0,0,0,0,0,0,0,0,0,0.968187162539128
zp15,nursery,male,1,14,1,R,1,1,1,0,21,0,3,1,0,0,0,0,0,0,0,0,0,0,0,0,0,0,0.847003937601589
zp15,nursery,male,1,15,0,R,1,1,1,0,7,0,3,1,0,0,0,0,0,0,0,1,0,0,1,0,0,0,0.968187162539128
zp15,nursery,male,1,16,0,R,1,1,1,0,15,0,3,1,0,0,0,0,0,0,0,0,0,0,0,0,0,0,0.901726967966526
zp15,nursery,male,1,17,1,L,0,1,1,0,9,0,3,1,0,0,0,0,0,0,0,0,0,0,0,0,0,0,0.712143337376754
zp15,nursery,male,1,18,0,L,1,1,1,0,23,1,3,1,0,0,0,0,0,0,0,0,0,0,0,0,0,0,0.847003937601589
zp15,nursery,male,1,19,0,L,1,1,1,0,11,0,2,1,0,0,0,0,0,0,0,0,0,0,1,0,0,0,0.901053500498131
zp15,nursery,male,1,20,1,R,1,1,1,0,12,0,3,1,0,0,0,0,0,0,0,0,0,0,0,0,0,0,0.847003937601589
zp15,nursery,male,1,21,0,R,1,1,1,0,7,0,3,1,0,0,0,0,0,0,0,0,0,0,0,0,0,0,0.968187162539128
zp15,nursery,male,1,22,0,R,1,1,1,0,10,0,3,1,0,0,0,0,0,0,0,0,0,0,0,0,0,0,0.923752134520423
zp15,nursery,male,1,23,1,L,0,1,1,0,9,0,2,1,0,0,0,0,0,0,0,0,0,0,1,0,0,0,0.712143337376754
zp15,nursery,male,1,24,0,L,1,1,1,0,37,0,3,1,0,0,0,0,0,0,0,0,0,0,0,0,0,0,0.847003937601589
zp15,nursery,male,1,25,0,L,0,1,1,0,11,2,3,1,0,0,0,0,0,0,0,1,0,0,0,0,0,0,0.388489030266105
zp15,nursery,male,2,1,0,R,1,3,1,0,NaN,0,2,1,0,0,0,0,0,0,0,0,0,0,0,0,0,0,0.573442326226149
zp15,nursery,male,2,2,0,R,1,3,1,0,8,0,3,1,0,0,0,0,0,0,0,0,0,0,0,0,0,0,0.768401664005473
zp15,nursery,male,2,3,1,L,0,3,1,0,20,0,3,1,0,0,0,0,0,0,0,0,0,0,1,0,0,0,0.624999995245248
zp15,nursery,male,2,4,0,L,0,3,1,0,6,0,3,1,0,0,0,0,0,0,0,0,0,0,0,0,0,0,0.772582985518822
zp15,nursery,male,2,5,0,L,1,3,1,0,9,0,3,1,0,0,0,0,0,0,0,1,0,0,0,0,0,0,0.573442326226149
zp15,nursery,male,2,6,0,L,1,3,1,0,7,0,2,1,0,0,0,0,0,0,0,0,0,0,0,0,0,0,0.809550771211013
zp15,nursery,male,2,7,1,R,1,3,1,0,10,0,3,1,0,0,0,0,0,0,0,1,0,0,0,0,0,0,0.573442326226149
zp15,nursery,male,2,8,0,R,1,3,1,0,7,0,3,1,0,0,0,0,0,0,0,1,0,0,0,0,0,0,0.809550771211014
zp15,nursery,male,2,9,0,R,1,3,1,0,10,0,3,1,0,0,0,0,0,0,0,0,0,0,0,0,0,0,0.707718775490879
zp15,nursery,male,2,10,1,L,1,3,1,0,9,0,2,1,0,0,0,0,0,0,0,1,0,0,0,0,0,0,0.573442326226149
zp15,nursery,male,2,11,0,L,1,4,1,0,10,0,2,1,0,0,0,0,0,0,0,0,0,0,0,0,0,0,0.63485170428487
zp15,nursery,male,2,12,0,L,0,4,1,0,9,0,3,1,0,0,0,0,0,0,0,0,0,0,0,0,0,0,0.469276598135466
zp15,nursery,male,2,13,0,L,0,4,1,0,7,2,3,1,0,0,0,0,0,0,0,1,0,0,0,0,0,0,0.661709005217368
zp15,nursery,male,2,14,0,L,1,2,1,0,14,0,1,1,0,0,0,0,0,0,0,1,0,0,0,0,0,0,0.673587346772732
zp15,nursery,male,2,15,0,L,0,2,1,0,8,0,3,1,0,0,0,0,0,0,0,0,0,0,0,0,0,0,0.375000004754754
zp15,nursery,male,2,16,0,L,1,2,1,0,8,0,2,1,0,0,0,0,0,0,0,1,0,0,0,0,0,0,0.673587346772732
zp15,nursery,male,2,17,0,L,1,2,1,0,9,0,2,1,0,0,0,0,0,0,0,0,0,0,0,0,0,0,0.833725493550929
zp15,nursery,male,2,18,1,R,1,2,1,0,18,0,3,1,0,0,0,0,0,0,0,1,0,0,0,0,0,0,0.695110410712071
zp15,nursery,male,2,19,0,R,1,2,1,0,13,0,3,1,0,0,0,0,0,0,0,1,0,0,0,0,0,0,0.751436343831187
zp15,nursery,male,2,20,0,R,1,2,1,0,7,0,3,1,0,0,0,0,0,0,0,0,0,0,0,0,0,0,0.899446756750667
zp15,nursery,male,2,21,1,L,0,2,1,0,12,0,2,1,0,0,0,0,0,0,0,1,0,0,0,0,0,0,0.624999995245248
zp15,nursery,male,2,22,0,L,0,2,1,0,11,1,3,0,1,0,0,1,0,0,0,0,0,0,0,0,0,0,0.590992579285302
zp15,nursery,male,2,23,0,L,1,2,1,0,12,0,1,1,0,0,0,0,0,0,0,0,0,0,0,0,0,0,0.670756750586231
zp15,nursery,male,2,24,0,L,1,2,1,0,13,0,2,1,0,0,0,0,0,0,0,0,0,0,0,0,0,0,0.751436343831187
zp15,nursery,male,2,25,1,R,1,2,1,0,12,0,3,1,0,0,0,0,0,0,0,1,0,0,0,0,0,0,0.670756750586231
zp16,nursery,male,1,1,0,R,0,3,1,0,NaN,1,3,1,0,0,0,0,0,0,0,0,0,0,0,0,0,0,0.5
zp16,nursery,male,1,2,0,R,1,3,1,0,9,0,2,1,0,0,0,0,0,0,0,0,0,0,0,0,0,0,0.993347479008962
zp16,nursery,male,1,3,0,R,0,3,1,0,7,0,3,1,0,0,0,0,0,0,0,0,0,0,0,1,0,0,0.498676289151676
zp16,nursery,male,1,4,1,L,0,3,1,0,9,0,2,1,0,0,0,0,1,0,0,1,0,0,0,1,0,0,0.500236215886461
zp16,nursery,male,1,5,0,L,0,3,1,0,5,1,2,1,0,0,0,0,0,0,0,0,0,0,0,0,0,0,0.644337887539716
zp16,nursery,male,1,6,0,L,1,3,1,0,4,0,3,1,0,0,0,0,0,0,0,0,0,0,0,0,0,0,0.526263728423465
zp16,nursery,male,1,7,0,L,1,1,1,0,16,1,2,1,0,0,0,0,0,0,0,0,0,0,0,0,0,0,0.782925482565907
zp16,nursery,male,1,8,0,L,1,1,1,0,12,0,1,1,0,0,0,0,0,0,0,0,0,0,0,0,0,0,0.871763489478329
zp16,nursery,male,1,9,1,R,1,1,1,0,24,0,2,1,0,0,0,0,0,0,0,0,1,0,0,1,0,0,0.719238375873888
zp16,nursery,male,1,10,0,R,1,1,1,0,8,0,3,1,0,0,0,0,0,0,0,1,0,0,0,0,0,0,0.780354397077585
zp16,nursery,male,1,11,0,R,1,1,1,0,11,0,3,1,0,0,0,0,0,0,0,1,0,0,0,0,0,0,0.87176348947833
zp16,nursery,male,1,12,1,L,1,1,1,0,13,0,1,1,0,0,0,0,0,0,0,0,1,0,0,0,0,0,0.719238375873888
zp16,nursery,male,1,13,0,L,0,2,1,0,13,0,2,1,0,0,0,0,0,0,0,0,0,0,0,0,0,0,0.482365796957378
zp16,nursery,male,1,14,0,L,1,2,1,0,3,0,2,1,0,0,0,0,0,0,0,0,0,0,0,1,0,0,0.659800295553245
zp16,nursery,male,1,15,0,L,1,2,1,0,9,0,2,1,0,0,0,0,0,0,0,0,1,0,0,0,0,0,0.61270638652726
zp16,nursery,male,1,16,1,R,1,2,1,0,10,0,3,1,0,0,0,0,0,0,0,0,1,0,0,0,0,0,0.520689927798887
zp16,nursery,male,1,17,0,R,1,2,1,0,8,0,2,1,0,0,0,0,0,0,0,1,0,0,0,0,0,0,0.625132005521977
zp16,nursery,male,1,18,0,R,0,2,1,0,13,0,2,1,0,0,0,0,0,0,0,0,0,0,0,0,0,0,0.482365796957378
zp16,nursery,male,1,19,0,R,0,2,1,0,4,0,2,1,0,0,0,0,0,0,0,0,0,0,0,0,0,0,0.690555740859113
zp16,nursery,male,1,20,0,R,1,1,1,0,26,0,3,1,0,0,0,0,0,0,0,0,0,0,0,0,0,0,0.736527305335433
zp16,nursery,male,1,21,0,R,0,1,1,0,10,0,3,1,0,0,0,0,0,0,0,0,1,0,0,0,0,0,0.422409652901454
zp16,nursery,male,1,22,0,R,1,1,1,0,45,3,3,0,0,0,0,0,0,0,0,0,0,0,0,0,0,0,0.773406920334872
zp16,nursery,male,1,23,0,R,1,1,1,0,54,0,3,1,0,0,0,0,0,0,0,0,1,0,0,0,0,0,0.782927449652731
zp16,nursery,male,1,24,1,L,1,1,1,0,30,0,1,1,0,0,0,0,0,0,0,0,0,0,0,0,0,0,0.719238375871913
zp16,nursery,male,1,25,0,L,0,1,1,0,10,2,3,1,0,0,0,0,0,0,0,0,0,0,0,0,0,0,0.42183508913071
zp16,nursery,male,2,1,0,L,1,3,1,0,NaN,0,1,1,0,0,0,0,0,0,0,0,0,0,0,0,0,0,0.50182233021371
zp16,nursery,male,2,2,0,L,1,3,1,0,10,0,1,1,0,0,0,0,0,0,0,0,0,0,0,1,0,0,0.691861326964448
zp16,nursery,male,2,3,1,R,0,3,1,0,8,0,1,1,0,0,0,0,0,0,0,0,0,0,0,0,0,0,0.71296262527977
zp16,nursery,male,2,4,0,R,0,3,1,0,7,0,1,0,0,0,0,0,0,0,0,0,0,0,0,0,0,0,0.675936527415288
zp16,nursery,male,2,5,0,R,0,3,1,0,12,0,2,1,0,0,0,0,0,0,0,0,0,0,0,1,0,0,0.664639540522403
zp16,nursery,male,2,6,0,R,1,1,1,0,14,0,2,1,0,0,0,0,0,0,0,0,0,0,0,1,0,0,0.997373523526383
zp16,nursery,male,2,7,0,R,1,1,1,0,9,1,2,1,0,0,0,0,0,0,0,0,0,0,0,1,0,0,0.781765925976345
zp16,nursery,male,2,8,1,L,1,1,1,0,14,0,2,1,0,0,0,0,0,0,0,0,0,0,0,1,0,0,0.719238375871913
zp16,nursery,male,2,9,0,L,1,1,1,0,8,0,1,1,0,0,0,0,0,0,0,0,0,0,0,0,0,0,0.780354397077585
zp16,nursery,male,2,10,0,L,1,1,1,0,12,0,1,1,0,0,0,0,0,0,0,0,0,0,0,1,0,0,0.87176348947833
zp16,nursery,male,2,11,1,R,0,1,1,0,10,0,2,1,0,0,0,0,0,0,0,0,0,0,0,0,0,0,0.612706386527261
zp16,nursery,male,2,12,0,R,0,1,1,0,14,0,2,1,0,0,0,0,0,0,0,0,0,0,0,0,0,0,0.55167140466749
zp16,nursery,male,2,13,0,R,0,1,1,0,32,0,2,1,0,0,0,0,0,0,0,1,0,0,0,0,0,0,0.503462556107413
zp16,nursery,male,2,14,0,R,0,1,1,0,11,0,2,1,0,0,0,0,0,0,0,0,0,0,0,0,0,0,0.580702841834236
zp16,nursery,male,2,15,0,R,1,1,1,0,21,0,3,1,0,0,0,0,0,0,0,0,0,0,0,1,0,0,0.719238375873888
zp16,nursery,male,2,16,0,R,1,1,1,0,17,6,2,1,0,0,0,0,0,0,0,0,0,0,0,0,0,0,0.782926658872644
zp16,nursery,male,2,17,1,L,1,1,1,0,18,0,1,1,0,0,0,0,0,0,0,0,0,0,0,0,0,0,0.719238375871913
zp16,nursery,male,2,18,0,L,1,1,1,0,11,0,1,1,0,0,0,0,0,0,0,0,0,0,0,0,0,0,0.7827400398466
zp16,nursery,male,2,19,0,L,1,1,1,0,6,0,1,1,0,0,0,0,0,0,0,1,0,0,0,0,0,0,0.871763489478331
zp16,nursery,male,2,20,1,R,0,1,1,0,33,0,2,1,0,0,0,0,0,0,0,0,0,0,0,0,0,0,0.592592595524472
zp16,nursery,male,2,21,0,R,0,1,1,0,13,1,2,1,0,0,0,0,0,0,0,0,0,0,0,0,0,0,0.55998009777897
zp16,nursery,male,2,22,0,R,1,1,1,0,24,0,2,1,0,0,0,0,0,0,0,0,0,0,0,0,0,0,0.719238375873888
zp16,nursery,male,2,23,0,R,0,1,1,0,13,0,1,1,0,0,0,0,0,0,0,0,0,0,0,1,0,0,0.453103473309928
zp16,nursery,male,2,24,0,R,1,1,1,0,15,0,2,1,0,0,0,0,1,0,0,0,0,0,1,0,0,0,0.773406920334871
zp16,nursery,male,2,25,0,R,1,1,1,0,15,0,2,1,0,0,0,0,0,0,0,0,0,0,0,0,0,0,0.78292255645687
zp21,mother,male,1,1,0,R,1,3,1,0,NaN,0,3,1,0,0,0,0,0,0,0,0,0,0,0,0,0,0,0.976339765230797
zp21,mother,male,1,2,0,R,1,3,1,0,7,0,3,1,0,0,0,0,0,0,0,0,0,0,0,0,0,0,0.968064614473167
zp21,mother,male,1,3,1,L,1,3,1,0,10,0,2,1,0,0,0,0,0,0,0,0,1,0,0,0,0,0,0.990685169958512
zp21,mother,male,1,4,0,L,1,3,1,0,7,0,2,1,0,0,0,0,0,0,0,0,0,0,0,0,0,0,0.974652216321414
zp21,mother,male,1,5,0,L,1,3,1,0,7,0,1,1,0,0,0,0,0,0,0,1,0,0,0,0,0,0,0.975372400957216
zp21,mother,male,1,6,1,R,1,3,1,0,8,0,3,1,0,0,0,0,0,0,0,0,0,0,0,0,0,0,0.990685169958511
zp21,mother,male,1,7,0,R,1,4,1,0,12,0,3,1,0,0,0,0,0,0,0,0,0,0,0,0,0,0,0.924312313731794
zp21,mother,male,1,8,0,R,1,4,1,0,9,0,3,1,0,0,0,0,0,0,0,0,0,0,0,0,0,0,0.931341667473683
zp21,mother,male,1,9,1,L,1,4,1,0,12,0,2,1,0,0,0,0,0,0,0,0,0,0,0,0,0,0,0.981574084487724
zp21,mother,male,1,10,0,L,1,4,1,0,10,0,2,1,0,0,0,0,0,0,0,0,0,0,0,0,0,0,0.928138520563741
zp21,mother,male,1,11,0,L,1,4,1,0,8,0,1,1,0,0,0,0,0,0,0,0,1,0,0,0,0,0,0.935777855166212
zp21,mother,male,1,12,1,R,1,4,1,0,8,0,2,1,0,0,0,0,0,0,0,1,0,0,0,0,0,0,0.981574084487724
zp21,mother,male,1,13,0,R,1,4,1,0,33,0,3,1,0,0,0,0,0,0,0,0,0,0,0,0,0,0,0.920996729527773
zp21,mother,male,1,14,0,R,1,5,1,0,10,0,3,1,0,0,0,0,0,0,0,1,0,0,0,0,0,0,0.877132833503398
zp21,mother,male,1,15,1,L,1,5,1,0,9,0,2,1,0,0,0,0,0,0,0,0,0,0,0,0,0,0,0.968093196454723
zp21,mother,male,1,16,0,L,1,5,1,0,7,0,2,1,0,0,0,0,0,0,0,0,1,0,0,0,0,0,0.892196417432582
zp21,mother,male,1,17,0,L,1,5,1,0,8,0,1,1,0,0,0,0,0,0,0,0,0,0,0,0,0,0,0.885846562176883
zp21,mother,male,1,18,1,R,1,5,1,0,8,0,3,1,0,0,0,0,0,0,0,0,1,0,0,0,0,0,0.968093196454723
zp21,mother,male,1,19,0,R,1,6,1,0,15,0,3,1,0,0,0,0,0,0,0,0,0,0,0,0,0,0,0.813660970791879
zp21,mother,male,1,20,0,R,1,6,1,0,9,0,3,1,0,0,0,0,0,0,0,0,0,0,0,0,0,0,0.823019795243926
zp21,mother,male,1,21,1,L,1,6,1,0,8,0,2,1,0,0,0,0,0,0,0,0,0,0,0,0,0,0,0.950463300456208
zp21,mother,male,1,22,0,L,1,6,1,0,9,0,1,1,0,0,0,0,0,0,0,0,1,0,0,0,0,0,0.822908368125897
zp21,mother,male,1,23,0,L,1,6,1,0,9,0,2,1,0,0,0,0,0,0,0,0,0,0,0,0,0,0,0.823083720421715
zp21,mother,male,1,24,1,R,1,7,1,0,14,0,3,1,0,0,0,0,0,0,0,0,0,0,0,0,0,0,0.92963758508162
zp21,mother,male,1,25,0,R,0,7,1,0,21,0,3,1,0,0,0,0,0,0,0,0,0,0,0,0,0,0,0.499835841615587
zp21,mother,male,2,1,0,L,1,3,1,0,NaN,0,1,1,0,0,0,0,0,0,0,0,0,0,0,0,0,0,0.976339765230797
zp21,mother,male,2,2,0,L,1,3,1,0,20,0,1,1,0,0,0,0,0,0,0,0,0,0,0,0,0,0,0.968064614484597
zp21,mother,male,2,3,1,R,0,3,1,0,8,0,2,1,0,0,0,0,0,0,0,0,0,0,0,0,0,0,0.608243697921603
zp21,mother,male,2,4,0,R,1,3,1,0,8,0,2,1,0,0,0,0,0,0,0,0,0,0,0,0,0,0,0.97832534975875
zp21,mother,male,2,5,0,R,1,3,1,0,8,0,3,1,0,0,0,0,0,0,0,0,0,0,0,0,0,0,0.970574036988597
zp21,mother,male,2,6,1,L,1,3,1,0,11,0,1,1,0,0,0,0,0,0,0,0,0,0,0,0,0,0,0.990685169958512
zp21,mother,male,2,7,0,L,1,3,1,0,7,0,1,1,0,0,0,0,0,0,0,0,0,0,0,0,0,0,0.974708061872538
zp21,mother,male,2,8,0,L,1,3,1,0,7,0,1,1,0,0,0,0,0,0,0,0,0,0,0,0,0,0,0.975372400957216
zp21,mother,male,2,9,1,R,1,3,1,0,7,0,2,1,0,0,0,0,0,0,0,0,0,0,0,0,0,0,0.990685169958511
zp21,mother,male,2,10,0,R,1,4,1,0,17,0,3,1,0,0,0,0,0,0,0,0,0,0,0,1,0,0,0.921488951504001
zp21,mother,male,2,11,0,R,1,4,1,0,10,0,3,1,0,0,0,0,0,0,0,0,0,0,0,0,0,0,0.928177649618237
zp21,mother,male,2,12,1,L,1,4,1,0,7,0,1,1,0,0,0,0,0,0,0,0,0,0,0,0,0,0,0.981574084487724
zp21,mother,male,2,13,0,L,1,4,1,0,8,0,2,1,0,0,0,0,0,0,0,0,0,0,0,0,0,0,0.935208793631103
zp21,mother,male,2,14,0,L,1,4,1,0,6,0,2,1,0,0,0,0,0,0,0,0,0,0,0,0,0,0,0.949777408598485
zp21,mother,male,2,15,1,R,1,4,1,0,14,0,3,1,0,0,0,0,0,0,0,0,0,0,0,1,0,0,0.981574084487724
zp21,mother,male,2,16,0,R,0,5,1,0,10,0,2,1,0,0,0,0,0,0,0,0,0,0,0,0,0,0,0.479797993696957
zp21,mother,male,2,17,0,R,1,5,1,0,8,0,3,1,0,0,0,0,0,0,0,0,0,0,0,0,0,0,0.930685193095821
zp21,mother,male,2,18,0,R,0,5,1,0,9,0,2,1,0,0,0,0,0,0,0,0,0,0,0,0,0,0,0.471178360399353
zp21,mother,male,2,19,0,R,1,5,1,0,4,0,3,1,0,0,0,0,0,0,0,0,0,0,0,0,0,0,0.93068519310316
zp21,mother,male,2,20,0,R,1,5,1,0,6,0,3,1,0,0,0,0,0,0,0,0,0,0,0,0,0,0,0.899865676471746
zp21,mother,male,2,21,1,L,1,5,1,0,10,0,1,1,0,0,0,0,0,0,0,0,0,0,0,0,0,0,0.968093196454723
zp21,mother,male,2,22,0,L,1,5,1,0,8,0,1,1,0,0,0,0,0,0,0,0,0,0,0,0,0,0,0.885400122630178
zp21,mother,male,2,23,0,L,1,5,1,0,6,0,2,1,0,0,0,0,0,0,0,0,0,0,0,0,0,0,0.902298836065665
zp21,mother,male,2,24,1,R,1,5,1,0,10,0,3,1,0,0,0,0,0,0,0,0,0,0,0,0,0,0,0.968093196454723
zp21,mother,male,2,25,0,R,0,6,1,0,12,0,1,1,0,0,0,0,0,0,0,0,0,0,0,0,0,0,0.493383037140686
zp22,mother,male,1,1,0,L,1,3,1,0,NaN,2,1,0,0,0,0,0,0,1,0,0,0,0,0,0,0,0,0.928000316792718
zp22,mother,male,1,2,0,L,1,3,1,0,6,1,1,0,0,0,0,0,0,1,0,0,0,0,0,0,0,1,0.977153281041405
zp22,mother,male,1,3,1,R,1,3,1,0,8,0,2,1,0,0,0,0,0,0,0,0,0,0,0,0,0,0,0.876967838615324
zp22,mother,male,1,4,0,R,1,3,1,0,10,0,2,1,0,0,0,0,0,0,0,0,0,0,0,0,0,0,0.96794558393769
zp22,mother,male,1,5,0,R,1,3,1,0,8,0,2,1,0,0,0,0,0,0,0,0,0,0,0,0,0,1,0.985025302128343
zp22,mother,male,1,6,1,L,1,3,1,0,8,0,1,1,0,0,0,0,0,0,0,0,0,0,0,0,0,1,0.876967838615324
zp22,mother,male,1,7,0,L,0,4,1,0,8,0,1,1,0,0,0,0,0,0,0,0,0,0,0,0,0,1,0.469875457114672
zp22,mother,male,1,8,0,L,1,4,1,0,6,0,1,1,0,0,0,0,0,0,0,0,0,0,0,0,0,1,0.952775162795845
zp22,mother,male,1,9,0,L,1,4,1,0,7,0,1,1,0,0,0,0,0,0,0,0,0,0,0,0,0,1,0.908253360299195
zp22,mother,male,1,10,1,R,1,4,1,0,7,0,2,1,0,0,0,0,0,0,0,0,0,0,0,0,0,1,0.764738740381172
zp22,mother,male,1,11,0,R,1,4,1,0,7,0,2,1,0,0,0,0,0,0,0,0,0,0,0,0,0,1,0.908253360299195
zp22,mother,male,1,12,0,R,1,4,1,0,10,0,3,1,0,0,0,0,0,0,0,0,0,0,0,0,0,0,0.957963237559931
zp22,mother,male,1,13,1,L,0,4,1,0,8,3,2,1,0,0,0,0,0,0,0,0,0,0,0,0,0,1,0.730096873278662
zp22,mother,male,1,14,0,L,0,4,1,0,10,0,2,1,0,0,0,0,0,0,0,0,0,0,0,0,0,1,0.630434573959191
zp22,mother,male,1,15,0,L,1,4,1,0,7,1,2,1,0,0,0,0,0,0,0,0,0,0,0,0,0,0,0.817879592424016
zp22,mother,male,1,16,0,L,1,4,1,0,8,0,2,1,0,0,0,0,0,0,0,0,0,0,0,0,0,1,0.908253360299194
zp22,mother,male,1,17,1,R,1,4,1,0,8,0,2,1,0,0,0,0,0,0,0,0,0,0,0,0,0,0,0.764738740381172
zp22,mother,male,1,18,0,R,1,4,1,0,7,0,3,1,0,0,0,0,0,0,0,0,0,0,0,0,0,0,0.908253360299195
zp22,mother,male,1,19,0,R,1,4,1,0,8,0,3,1,0,0,0,0,0,0,0,0,0,0,0,0,0,0,0.957963237560044
zp22,mother,male,1,20,1,L,1,4,1,0,9,0,1,1,0,0,0,0,0,0,0,0,0,0,0,0,1,0,0.764738740381172
zp22,mother,male,1,21,0,L,1,5,1,0,11,1,1,0,0,0,0,0,0,0,0,0,0,0,0,0,0,0,0.844353144233197
zp22,mother,male,1,22,0,L,1,5,1,0,7,0,1,1,0,0,0,0,0,0,0,0,0,0,0,0,0,1,0.921457966275375
zp22,mother,male,1,23,1,R,0,5,1,0,9,0,1,1,0,0,0,0,0,0,0,0,0,0,0,0,0,0,0.795221121010595
zp22,mother,male,1,24,0,R,1,5,1,0,6,0,2,1,0,0,0,0,0,0,0,0,0,0,0,0,0,0,0.742588847718094
zp22,mother,male,1,25,0,R,1,5,1,0,8,0,3,1,0,0,0,0,0,0,0,0,0,0,0,0,0,0,0.842877686338624
zp22,mother,male,2,1,0,R,1,3,1,0,NaN,0,3,1,0,0,0,0,0,1,0,0,0,0,0,0,0,0,0.928000316792718
zp22,mother,male,2,2,0,R,1,3,1,0,7,1,3,1,0,0,0,0,0,0,0,0,0,0,0,0,0,1,0.97928997264968
zp22,mother,male,2,3,1,L,0,3,1,0,14,2,2,1,0,0,0,0,0,0,0,0,0,0,0,0,0,0,0.816174710121951
zp22,mother,male,2,4,0,L,1,3,1,0,7,0,2,1,0,0,0,0,0,0,0,0,0,0,0,0,0,0,0.904202058993254
zp22,mother,male,2,5,0,L,1,3,1,0,6,0,2,1,0,0,0,0,0,0,0,0,0,0,0,0,0,0,0.967945583937693
zp22,mother,male,2,6,1,R,1,3,1,0,9,1,3,1,0,0,0,0,0,0,0,0,0,0,0,0,0,0,0.876967838615324
zp22,mother,male,2,7,0,R,1,3,1,0,6,0,3,1,0,0,0,0,0,0,0,0,0,0,0,0,0,0,0.967945583937693
zp22,mother,male,2,8,0,R,1,3,1,0,6,0,3,1,0,0,0,0,0,0,0,0,0,0,0,0,0,0,0.985025302128426
zp22,mother,male,2,9,1,L,1,3,1,0,8,0,2,1,0,0,0,0,0,0,0,0,0,0,0,0,0,1,0.876967838615324
zp22,mother,male,2,10,0,L,1,4,1,1,31,0,3,1,0,0,0,0,0,0,0,0,0,0,0,0,0,1,0.940104475895768
zp22,mother,male,2,11,0,L,1,4,1,0,10,0,3,1,0,0,0,0,0,0,0,0,0,0,0,0,0,0,0.95796323755925
zp22,mother,male,2,12,1,R,1,4,1,0,8,1,3,1,0,0,0,0,0,0,1,0,0,0,0,0,0,1,0.764738740381172
zp22,mother,male,2,13,0,R,1,4,1,0,7,1,3,1,0,0,0,0,0,0,0,0,0,0,0,0,0,0,0.908253360299195
zp22,mother,male,2,14,0,R,1,4,1,0,7,0,3,1,0,0,0,0,0,0,0,0,0,0,0,0,0,0,0.957963237560101
zp22,mother,male,2,15,1,L,0,4,1,0,10,0,3,1,0,0,0,0,0,0,0,0,0,0,0,0,0,0,0.780504119237893
zp22,mother,male,2,16,0,L,1,4,1,0,4,1,2,1,0,0,0,0,0,0,0,0,0,0,0,0,0,0,0.897688718457353
zp22,mother,male,2,17,0,L,1,4,1,0,8,0,2,1,0,0,0,0,0,0,0,0,0,0,0,0,0,0,0.908253360299194
zp22,mother,male,2,18,1,R,1,4,1,0,7,0,3,1,0,0,0,0,0,0,0,0,0,0,0,0,0,1,0.764738740381172
zp22,mother,male,2,19,0,R,1,4,1,0,12,1,3,1,0,0,0,0,0,0,0,0,0,0,0,0,0,0,0.915372714525329
zp22,mother,male,2,20,0,R,1,5,1,0,7,0,3,1,0,0,0,0,0,0,0,0,0,0,0,0,0,0,0.921457966275375
zp22,mother,male,2,21,1,L,0,4,1,0,8,0,3,1,0,0,0,0,0,0,0,0,0,0,0,0,0,0,0.731160000607348
zp22,mother,male,2,22,0,L,0,4,1,0,5,0,3,1,0,0,0,0,0,0,0,0,0,0,0,0,0,0,0.630434573959534
zp22,mother,male,2,23,0,L,1,4,1,0,6,0,2,1,0,0,0,0,0,0,0,0,0,0,0,1,0,0,0.888087234329287
zp22,mother,male,2,24,0,L,0,4,1,0,7,1,3,1,0,0,0,0,0,0,0,0,0,0,0,0,0,0,0.464921282525716
zp22,mother,male,2,25,0,L,0,4,1,0,10,1,3,0,0,0,0,0,0,0,0,0,0,0,0,1,0,0,0.630434573959191
